Segment ID,Source Segment,Segment Origin,Comments,Google Translate,Google Translate rating,Kakao i,Kakao i rating,Human,Human rating
1,"Buenas noches, comienza a Cinco Continentes, programa de información internacional de radio nacional de España, en las sintonías de radio cinco y radio exterior, un espacio en el que tratamos de acercarles la actualidad y el análisis de los acontecimientos más importantes fuera de nuestras fronteras que elaboramos cada día desde el área internacional de la radio pública española, les habla Miguel Molleda.(0059)",Cinco Continentes_Ebola,,안녕하세요. 스페인의 국제 라디오 프로그램 인 Cinco Continentes에서 라디오 5 개 튜닝 및 라디오 외에도 우리가 국경 밖에서 가장 중요한 사건에 대한 뉴스와 분석을 제공하기 위해 노력하고 있습니다. 우리는 스페인 공영 라디오의 국제 분야에서 매일 정성을 다하고 있습니다. Miguel Molleda는 당신에게 이야기합니다.,2,스페인의 국제 라디오 정보 프로그램인 Cinco Continentes는 라디오 5와 외부 라디오 튜닝에서 시작됩니다.이 공간은 Miguel Molleda가 매일 개발한 국경 밖에서 가장 중요한 사건에 대한 현재와 분석을 더 가깝게 만들려고합니다. ,3,안녕하십니까. 씽꼬 꼰띠넨떼스를 시작하겠습니다. 스페인 국영방송의 국제뉴스를 전하는 프로그램입니다. 제5라디오와 라디오 엑스테리오르의 합작 프로그램으로 매일 여러분께 해외의 주요 사건들의 최근 소식과 분석을 전해드립니다. 저는 스페인 국영라디오의 국제 뉴스를 전하는 프로그램의 미겔 모예다입니다.,1
2,En nuestro espacio de hoy estaremos en Monrovia para comprobar con Médicos sin Fronteras si la epidemia de ébola está aflojando en uno de los países más afectados por la enfermedad.(0115),Cinco Continentes_Ebola,,에볼라 전염병은 대부분의 질병에 의해 영향을받는 국가에 급증하는 경우 우리는 몬로 비아에있는 우리의 공간에서 오늘은 국경없는 의사 회와 함께 확인합니다.,3,"오늘 우리 공간에서 우리는 몬로비아에 있을 것이고, 에볼라 전염병이 이 질병에 가장 영향을받는 국가 중 하나에서 느슨해지는지 여부를 국경없는 의사들에게 확인할 것입니다. ",2,오늘 저희는 에볼라 바이러스의 큰 타격을 받은 여러 나라들 중 한 나라에서 국경없는의사회의 도움으로 에볼라가 누그러들고 있는지 알아보기 위해 몬로비아로 가보겠습니다.,1
3,Hemos escuchado también hoy al jefe de la misión de Naciones Unidas contra el ébola en África Tony Banbury afirmar que la crisis continúa y que hacen falta muchos más recursos para combatirla.(0134),Cinco Continentes_Ebola,,"우리는 또한 아프리카에서 에볼라에 반대하는 유엔의 사역 책임자 인 토니 반 버리 (Tony Banbury)가 위기가 계속되고 있으며, 더 많은 자원이이를 극복하기 위해 필요하다고 단언했다.",2,"우리는 또한 오늘 아프리카 에볼라에 대한 유엔 선교부의 책임자인 토니 밴버리가 위기가 계속되고 있으며, 그에 대처하기 위해 더 많은 자원이 필요하다고 말하는 것을 들었습니다. ",1,또한 오늘 위기가 계속되고 있고 에볼라와 싸우기 위해 더 많은 물자가 필요하다는 UN 에볼라 긴급대응팀의 토니 반버리 국장의 말을 들었습니다. ,1
4,Tendremos más informaciones también y asuntos en nuestro programa de hoy que les anticipa ya Ana Zurita.(0141),Cinco Continentes_Ebola,,아나 준 리타 (Ana Zurita)가 예상하는 더 많은 정보와 문제가 오늘 우리 프로그램에있을 것입니다.,3,우리는 또한 오늘의 프로그램에서 더 많은 정보와 문제를 가지고 있습니다. ,3,또한 오늘 저희 프로그램에서는 여러분이 기대하시는 것보다 더 많은 소식을 전해드리겠습니다. 아나 쑤리따 기자입니다.,1
5,"Continúa la tensión en Jerusalén tras los últimos ataques y disturbios que han costado la vida a una persona, mañana estará en la región la nueva responsable europea de Asuntos Exteriores, la italiana Federica Mogherini.(0153)",Cinco Continentes_Ebola,,마지막 공격과 폭동으로 인명을 앗아간 후 예루살렘에서 긴장이 계속되고 내일에는 유럽의 새로운 외교 문제관 인 이탈리아 Federica Mogherini가 될 것입니다.,3,"예루살렘에서의 긴장은 최근한 사람의 생명을 앗아간 공격과 폭동으로 계속되며, 내일이 새로운 유럽 외교 책임자인 이탈리아 페데리카 모게리니가이 지역에 있을 것입니다. ",2,최근에 있었던 일련의 공격들과 한 명의 사망자를 낳은 소요사태 이후 예루살렘에 긴장이 계속되고 있습니다. 내일 유럽 외무부의 새로운 담당자인 이탈리아인 페데리카 모데리니가 이 지역을 방문할 것입니다.,1
6,Satisfacción en el gobierno israelí por la renuncia de la corte penal internacional a investigar la muerte de nueve activistas turcos en dos mil diez tras el asalto militar del ejército de Israel a una embarcación de activistas propalestinos que se dirigían a Gaza.(0207),Cinco Continentes_Ebola,,국제 형사 재판소의 사임에 대한 만족도 이스라엘 정부는 이스라엘 군에 의한 군사 공격 가자 지구로 향하고 친 팔레스타인 운동가의 선박 후 2010년에서 구 터키어 운동가의 죽음을 조사합니다.,3,이스라엘 정부가 가자 지구로 향하는 친 팔레스타인 활동가들의 선박에 대한 이스라엘 군대의 군사 공격에 이어 2 천 10 백명의 터키 활동가 9 명을 조사하기 위해 국제 형사 재판소를 사임한 것에 대한 만족. ,2,이스라엘 정부는 이스라엘 정부군이 가자지구로 향하던 친팔레스타인 활동가들의 배를 공격하여 2010년 사망한 9명의 터키 활동가 사건을 조사하라는 국제형사재판소의 선언에 만족을 표했습니다.,1
7,"La Unión Europea investiga si los acuerdos fiscales presidenciales de Luxemburgo con más ende tres cientas grandes empresas son legales, desde un rincón del mundo hablaremos con Sara Bordar, representante de UNICEF en Madagascar y nuestra información por continentes dedicada hoy a Asia se cumple un año del huracán Hayán que arrasó Filipinas,",Cinco Continentes_Ebola,,아시아는 일년 표시에 유럽 연합 (EU)은 대통령 조세 조약 룩셈부르크가 더 따라서 삼백 회사가 ,3,"유럽 연합은 룩셈부르크의 대통령 세무 협정이 3 개의 대기업과 합법적인지 여부를 조사합니다. 세계 구석에서 마다가스카르의 유니세프 대표인 사라 보르 다르와 이야기할 것이며, 아시아에 전념한 대륙에 대한 우리의 정보는 필리핀을 휩쓸었던 허리케인 하얀의 1년 동안,",2,EU는 룩셈부르크 정부가 300개 이상의 회사와 맺은 ¿?조약이 합법한지를 조사했습니다. 스페인에 있는 저희가 마다가스카르 유니세프 대표 Sara Bordar 씨와 대화를 나눠보겠습니다. 오늘 저희 프로그램의 소식은 아시아에 많이 할애할 것입니다. 필리핀을 휩쓴 하이옌이 1주년을 맞았습니다.,1
8,Estaremos ahí en las islas filipinas y analizaremos las consecuencias que tuvo este desastre natural.(0232),Cinco Continentes_Ebola,,우리는 필리핀 섬에있을 것이며 우리는이 자연 재해의 결과를 분석 할 것입니다.,2,우리는 필리핀 섬에 가서 이 자연재해의 결과를 분석할 것입니다.,1,이 자연재해가 어떤 영향을 끼쳤는지 분석하기 위해 필리핀에 가보겠습니다.,1
9,"Comenzamos, en los últimos días han surgido informaciones sobre una supuesta reducción de la epidemia del ébola en los países, en más castigados por la crisis Guinea, Sierra Leona y Liberia.(0257)",Cinco Continentes_Ebola,,"우리는 지난 며칠 동안 기니, 시에라 리온, 라이베리아 위기의 영향을 가장 많이받은 나라에서 에볼라 전염병이 줄어들 것으로 추정되는 정보를 얻었습니다.",1,"우리는 최근 기니, 시에라리온, 라이베리아 위기로 인해 더 많은 처벌을 받고 있는 국가의 에볼라 전염병 감소에 대한보고를 시작했습니다.",3,"시작하겠습니다. 최근 에볼라로 가장 피해가 컸던 기니, 시에라레온, 라이베리아에 에볼라가 감소하고 있다는 소식을 입수했습니다.",2
10,"En concreto según fuentes de la Organización Mundial de la Salud sobre la incidencia semanal de la enfermedad en África Occidental señalaban que el ébola había disminuído en Liberia, se mantenía estable en Guinea, y los casos de contagiados por la epidemia habían aumentado en Sierra Leona.(0316)",Cinco Continentes_Ebola,,"특히 그들은 에볼라 라이베리아에 감소했다고 지적 서부 아프리카에서 질병의 주 발생에 세계 보건기구 (WHO)에서 소식통에 따르면, 기니에서 안정적으로 유지하고, 전염병에 감염의 경우는 시에라 리온 증가했다.",3,특히 서 아프리카의 매주 질병 발생률에 관한 세계 보건기구 소식통에 따르면 라이베리아에서 에볼라가 감소하고 기니에서 안정적이었으며 시에라 리온에서 전염병으로 인한 사례가 증가했다고합니다.,2,정확하게 서아프리카에서 일주일간 질병이 진행되고 있는 상황에 대한 세계보건기구(WHO)의 정보에 따르면 에볼라가 라이베리아에서 감소했고 기니에서는 변화가 없으며 시에라레온에서는 감염 사례가 늘었습니다.,1
11,Hoy en declaraciones a la radio televisión en pública británica BBC el máximo responsable de la misión de Naciones Unidas contra el ébola en África Tony Banbury se refería precisamente a esto.(0327),Cinco Continentes_Ebola,,오늘은 아프리카 토니 밴버리에서 에볼라에 대한 유엔 임무의 머리가 여기에 정확하게 언급했다 공영 방송 BBC 라디오 말했다.,3,오늘날 영국 공공 방송의 텔레비전 방송에서 토니 밴버리는 아프리카에서 에볼라에 대한 유엔 임무에 대한 최고 책임자가 정확하게이를 언급했다. (0327),2,오늘 영국 라디오TV BBC의 발표에서 UN 아프리카 에볼라 최고책임자 토니 반버리 대표가 이를 정확히 언급했습니다.,1
12,"<Se trata de un panorama mixto, en algunas zonas está bajando el número de casos como por ejemplo en Monrovia, en otros sin embargo comprobamos una aceleración significativa de la enfermedad.>(0340)",Cinco Continentes_Ebola,,"그것은 혼합 된 그림이며, 일부 지역에서는 몬로 비아 (Monrovia)와 같은 경우가 줄어들고 있지만, 우리는이 질병의 유의 한 촉진을 보았습니다.",3,몬로비아와 같은 일부 지역에서는 사례 수가 감소하고 있지만 다른 지역에서는 질병이 크게 가속화되고 있습니다.,2,"두 상황이 공존합니다. 어떤 지역, 예를 들면 몬로비아 같은 곳에서는 감염 사례가 줄고 있지만 다른 지역에서는 질병이 크게 늘고 있습니다.",1
13,Pero el representante de la ONU insiste ya en que esta enfermedad es aún una crisis y que todavía no se tienen los recursos necesarios para hacerle frente.(0349),Cinco Continentes_Ebola,,그러나 유엔 대변인은이 질병은 여전히 ,3,그러나 유엔 대표는 이미이 질병이 여전히 위기이며이를 해결할 자원이 아직 없다고 주장한다.,2,그러나 반버리 UN대표는 에볼라가 여전히 위험한 상태이고 이를 대처할 물자가 충분하지 않다고 밝혔습니다.,1
14,"<Esta enfermedad es todavía una auténtica crisis en algunas zonas sin duda, hay gentes y pueblos que no están recibiendo ninguna ayuda ahora mismo, sobre el terreno la comunidad internacional y el mundo no tiene capacidad para acabar con esta enfermedad.>(0405)",Cinco Continentes_Ebola,,"이 질병은 의심의 여지없이 일부 지역에서 여전히 여전히 심각한 위기이며, 지금 당장 도움을받지 못하는 사람들과 사람들이 있습니다. 국제 사회와 세계는이 질병을 끝내지 못합니다.",2,"이 질병은 여전히 일부 지역에서는 진정한 위기이며, 현재 도움을받지 못하는 사람들과 사람들이 있으며, 국제 사회와 세계는 이 질병을 종식시킬 능력이 없습니다. """,2,에볼라가 어느 지역에서는 여전히 실질적 위험이라는 데 의심의 여지가 없습니다. 현재 아무 도움도 받지 못하고 있는 사람들이 있습니다. 국제 사회와 전세계가 이 질병을 종식시킬 능력이 없습니다.,1
15,"Duramos ahora ya hasta África, hasta Monrovia, la capital de Liberia donde vamos a hablar con Carolina López, coordinadora del centro de tratamiento de Médicos sin Fronteras en la capital liberiana, Carolina López, buenas noches.(0419)",Cinco Continentes_Ebola,,"우리는 몬로 비아, 우리는 라이베리아의 수도 캐롤라이나 로페즈, 좋은 밤에 국경없는 캐롤라이나 로페즈, 치료 센터 의사의 코디네이터에게 이야기합니다 라이베리아의 수도로 아프리카에 지금 보낸다.",3,"우리는 이제 아프리카까지, 라이베리아의 수도 몬로비아까지, 라이베리아 수도인 캐롤라이나 로페즈의 국경없는 의사 치료 센터의 코디네이터인 캐롤라이나 로페즈와 이야기할 것입니다. ",2,"저희는 아프리카에서 라이베리아의 수도 몬로비아에 가서 현지에 나가 있는 국경없는의사회 치료센터의 담당자이신 까롤리나 로빼스 씨와 대화를 나누어 보겠습니다. 안녕하세요, 까롤리나 로빼스 씨.",1
16,"<Hola, buenas noches.>(0421)",Cinco Continentes_Ebola,,"안녕, 안녕하세요.",1,"안녕하세요, 안녕하세요,",1,안녕하세요.,1
17,"Carolina, ¿se ha apreciado ahí una reducción de la epidemia del ébola como asegura la Organización Mundial de la Salud?(0428)",Cinco Continentes_Ebola,,세계 보건기구 (WHO)가 밝혔 듯이 에롤로에서 에볼라 전염병이 감소 했는가?,2,"캐롤라이나, 세계 보건기구가 보장한 에볼라 전염병의 감소가 여기서 평가 되었습니까? ",3,"까롤리나 씨, 세계보건기구의 발표처럼 그곳에 에볼라가 감소했습니까?",1
18,"<Sí, efectivamente, estas últimas semanas nos hemos dado cuenta que ha reducido bastante números de personas admitidas en el centro.>(0437)",Cinco Continentes_Ebola,,그렇습니다. 사실 지난 주 우리는 센터에 입소 한 많은 사람들을 줄 였음을 깨달았습니다.,3,"“예, 지난 몇 주 동안 우리는 그것이 센터에 입학한 사람들의 수를 상당히 줄였다는 것을 깨달았습니다.",2,"네, 확실히 감소했습니다. 최근 몇 주간 센터에 오는 사람의 수가 꽤 줄었다는 것을 알게 되었습니다.",1
19,"En el centro de tratamiento, ¿qué coordinas ahí en la capital de Liberia, a cuántas personas estáis tratando en estos momentos?(0444)",Cinco Continentes_Ebola,,"치료 센터에서 라이베리아 수도에서 당신은 무엇을 조정합니까, 지금 얼마나 많은 사람들이 다루고 있습니까?",3,치료 센터에서는 라이베리아 수도에서 어떤 일을 조정하고 있습니까? 현재 얼마나 많은 사람들이 치료하고 있습니까? ,2,라이베리아의 수도인 몬로비아의 치료센터에서 까롤리나 씨는 무슨 일을 하십니까? 요즘은 환자를 몇 명이나 받습니까?,1
20,"<Ahora mismo, ahí, alrededor de cincuenta y tres pacientes positivos.>(0448)",Cinco Continentes_Ebola,,지금 바로 거기에 약 53 명의 양성 환자가 있습니다.,1,"● 지금 당장, 53명의 긍정적인 환자가 있다.",3,현재 그곳에는 53명 정도가 양성반응을 보이고 있습니다.,1
21,¿Qué número de personas ingresan cada día y causan baja o pueden recuperarse y curarse de la enfermedad?(0457),Cinco Continentes_Ebola,,어떤 수의 사람들이 매일 병적으로 병을 앓고 있거나 병을 치료하고 치료할 수 있습니까?,3,매일 몇 명이나 들어와서 낮은 병을 일으키거나 회복하고 치료할 수 있을까? ,2,매일 몇 명 정도 입원하고 퇴원합니까? 혹은 몇 명이 회복되고 완치됩니까?,1
22,"<Bueno, pues, la verdad es que en estos momentos tenemos números bastante positivos, o sea, el descenso de las personas que ingresan quedan positivo, además bastantes pacientes que se curan y bueno, pues vemos que esto va evolucionando.(0515) ",Cinco Continentes_Ebola,,"글쎄요, 진실은이시기에 우리가 긍정적 인 숫자를 갖게되는 것입니다. 즉 진입하는 사람의 수가 줄어들뿐만 아니라 치료가 잘되고 많은 환자들이 진화한다는 것을 알기 때문입니다.",2,"“음, 사실 우리는 지금 상당히 긍정적인 숫자를 가지고 있습니다. 즉, 긍정적인 숫자를 입력하는 사람들의 감소와 치료하는 환자가 상당히 많습니다. ",3,"음, 사실 현재 꽤 많은 환자가 있습니다. 즉, 양성 반응으로 입원한 환자 수가 감소했고 꽤 많은 환자들이 완치를 했습니다. 이 수가 점점 증가하는 것 같습니다.",1
23,"Lo que pasa es que nosotros creemos que también hay que tener un poquito de cuidado, no es el momento de relajarse porque está claro que la epidemia ya ha dado un pico y luego ha vuelto a bajar,",Cinco Continentes_Ebola,,우리는 약간의주의를 기울여야한다고 믿습니다. 이미 전염병이 절정에 이르렀다가 다시 번 졌기 때문에 진정해야 할 때가 아닙니다.,1,문제는 우리가 약간의 보살핌을 받아야 한다고 믿는다는 것입니다. 전염병이 이미 최고조에 달했고 다시 내려 갔기 때문에 긴장을 풀 때가 아닙니다.,3,그렇지만 우리는 아직 조금 더 치료가 필요하다고 생각합니다. 아직 경계를 늦출 때는 아닙니다.,2
24,"y bueno pensamos que volverá a subir, por supuesto no como al principio porque cuando la población no conoce lo que es la epidemia y tal.(0534)",Cinco Continentes_Ebola,,물론 우리는 인구 증가가 유행이 무엇인지 모르기 때문에 처음에는 그렇지 않았기 때문에 다시 상승 할 것이라고 생각합니다.,3,그리고 우리는 그것이 다시 상승할 것이라고 생각합니다. 물론 처음에는 그렇지 않습니다. 왜냐하면 사람들이 전염병이 무엇인지 알지 못하기 때문입니다. ,1,에볼라가 이미 정점을 찍었고 쇠퇴기로 진입한 것은 명확하기 때문입니다. 그러나 다시 증가할 것이라고 생각합니다. 물론 처음만큼은 아니지만요. 왜냐하면 사람들이 이 질병에 대해 모르고 그런 것이 아니기 때문입니다.,2
25,"Realmente no pueden tomar las medidas de precauciones necesarias, hoy en día la población ya está al tanto de lo que es la enfermedad y de cómo se contagia, con lo cual pueden tomar esas medidas, pero aún así creemos que esto va a volver a subir.(0550)",Cinco Continentes_Ebola,,"그들은 실제로 필요한 예방 조치를 취할 수 없습니다. 요즘 사람들은 질병이 무엇인지, 질병이 어떻게 퍼져 나가고 있는지를 이미 알고 있습니다. 그런 조치를 취할 수는 있지만, .",3,"그들은 실제로 필요한 예방 조치를 취할 수 없으며, 오늘날 사람들은 질병이 무엇인지, 그리고 그것이 어떻게 전염되는지 알고 있습니다. 그래서 그들은 그러한 조치를 취할 수 있지만 우리는 여전히 이것이 다시 상승할 것이라고 믿습니다. ",1,"실제로 필요한 예방 조치를 받지 못합니다. 오늘날 사람들이 에볼라가 무엇인지, 어떻게 전염되는지 잘 알고 있기 때문입니다. 따라서 이러한 조치를 취할 수 있지만 여전히 에볼라가 다시 늘어날 것이라고 생각합니다.",2
26,"¿Vamos, estás diciendo que crees que va a volver a subir el número de contagiados?,",Cinco Continentes_Ebola,,"자, 감염된 사람들의 수가 다시 증가 할 것이라고 생각하는 것입니까?",1,지금 그 사람이 다시 연락을 받을 거라고 생각하는 거야?,3,"그렇다면, 감염자 수가 증가할 것이라고 생각하신다는 말씀이신가요?",1
27,"¿por qué, por qué tenéis esa sensación de que va a volver a subir el número de personas contagiadas por el ébola?(0600)",Cinco Continentes_Ebola,,"왜, 왜 에볼라에 감염된 사람들의 수가 다시 증가 할 것이라는 느낌이 들었습니까?",1,"왜, 왜 에볼라에 감염된 사람들의 수가 다시 증가할 것이라는 느낌을 가지고 있는가? ",3,왜 에볼라 감염자 수가 증가할 것이라는 생각을 하십니까?,1
28,"<Bueno, pues porque no todas las actividades que se serían hacer están funcionando correctamente.(0606) ",Cinco Continentes_Ebola,,왜냐하면 모든 활동이 제대로 작동하지 않기 때문입니다.,2,"“글쎄, 모든 활동이 제대로 작동하는 것은 아니기 때문에. ",2,"음, 왜냐하면 취해야 할 조치들이 제대로 이루어지지 않고 있기 때문입니다.",1
29,"El seguimiento de contactos, por ejemplo hay muchísimo trabajo por hacer, se está haciendo, pero no al cien por cien, al igual que, por ejemplo, el servicio de ambulancias, tenemos, seguimos teniendo pacientes que vienen a pie, por sus propios medios porque este servicio no funciona.(0623)",Cinco Continentes_Ebola,,"많은 작업을 수행 할 연락처를 예를 들어 거기 추적, 그것은 진행되고 있지만 백퍼센트 같은, 예를 들어, 앰뷸런스 서비스, 우리는, 우리는 여전히 자신에 의해, 도보로 오는 환자가 이 서비스가 작동하지 않기 때문입니다.",3,"예를 들어, 접촉을 추적하는 것은 많은 작업이 이루어지고 있지만, 100 %가 아니라 구급차 서비스와 마찬가지로 우리는 이 서비스가 작동하지 않기 때문에 도보로 환자를 계속 가지고 있습니다. ",2,"예를 들어, 접촉을 감시하는 것에도 할 일이 아주 많습니다. 하고 있긴 하지만 100%는 아닙니다. 예를 들어 구급차도 마찬가지죠. 여전히 많은 환자들이 구급차 서비스가 제대로 작동되지 않아 걷거나 개인 이동수단으로 병원에 옵니다.",1
30,"Y bueno, pues también está el asunto de la incineración, hoy en día seguían incinerando a las personas que mueren por ébola y esto culturalmente, o sea, va totalmente en contra de la cultura de la población, entonces también se esconden más.>(0640)",Cinco Continentes_Ebola,,"음, 소각의 문제입니다, 오늘은 아직 에볼라에서 죽어가는 사람들을 소각이 문화적, 즉, 인구의 문화에 대해 완전히 가고, 다음 또한 더 이상 숨길 수 있습니다.",3,그리고 소각의 문제도 있기 때문에 오늘날 그들은 에볼라로 죽어가는 사람들을 계속 소각하고 있습니다. 문화적으로 이것은 인구의 문화에 완전히 반대합니다.,2,"그렇다면 소각 문제도 있겠죠. 오늘날 사람들이 에볼라로 사망한 사람들을 소각하고 있습니다. 즉, 국민들의 문화와 완전히 정반대되는 방법으로 말입니다. 혹은 숨기는 사람들도 많습니다.",1
31,"¿Habéis notado, te preguntaba, habéis notado refuerzos en medios y recursos en los últimos tiempos en la lucha ahí contra el ébola en Liberia?(0647)",Cinco Continentes_Ebola,,당신은 내가 라이베리아의 에볼라와 싸우는 가운데 최근에 수단과 자원의 증원을 알았습니까?,3,라이베리아에서 에볼라와 싸우는 동안 언론과 자원에 대한 증원군을 보았습니까? ,1,아까도 여쭤봤지만 최근 라이베리아에 에볼라와 싸우기 위해 물자 등 원조를 받았습니까?,2
32,"<Pues, sí que hay más organizaciones que han llegado y que están dispuestas a abrir otros centros y creemos que eso es muy positivo,",Cinco Continentes_Ebola,,"음, 그렇습니다. 도착한 기관이 많으며 다른 센터를 기꺼이 개설 할 조직이 있으며, 이는 매우 긍정적이라고 생각합니다.",2,"<UNK>Pues, 더 많은 조직이 도착했으며 다른 센터를 열 준비가 되어 있으며 매우 긍정적이라고 생각합니다.",3,물론 현지에 와서 여러 센터를 열려는 단체들은 많이 봤고 이를 매우 긍정적으로 생각합니다.,1
33,"sin embargo creemos también que tienen que acelerar un poquito más el proceso, que de todas formas hay que relajarse y que además habría que reforzar otras actividades,",Cinco Continentes_Ebola,,그러나 우리는 또한 프로세스 속도를 조금 더 높여야한다고 믿습니다. 어떤 경우에는 긴장을 풀어야하고 다른 활동을 강화해야한다는 것입니다.,1,그러나 우리는 또한 그들이 어떤 경우에도 완화되어야하는 과정을 조금 더 가속화해야하며 다른 활동도 강화되어야 한다고 믿습니다.,3,그러나 이 절차를 좀더 가속화해야 한다고 생각합니다. 어쨌든 느슨해지면 안되고 다른 활동들도 강화했어야 합니다.,2
34,"o sea, no solo será abrir centros de enviar médicos, también hay que reforzar como te decía seguimiento de contactos, hay que reforzar el servicio de ambulancias, hay que hacer una sensibilización más fuerte con muchos más recursos.(0720)",Cinco Continentes_Ebola,,"즉, 열 것뿐만 아니라 센터는 의사도 내가 접촉 추적, 우리는 더 많은 자원을 가진 강한 인식을해야합니다 앰뷸런스 서비스를 강화해야 말했듯이 강화 될 필요가 보냅니다.",3,"의사를 보낼 수 있는 센터를 열뿐만 아니라, 연락을 추적하고 구급차 서비스를 강화해야하며, 더 많은 자원을 사용하여 더 큰 인식을 창출해야 합니다. ",2,"즉, 센터를 열고 의사를 보내는 것뿐만 아니라 아까도 말씀 드렸듯이 접촉을 감시하고 구급차 서비스를 늘리고 물자를 늘려 더 민감하게 대처해야 합니다.",1
35,"Y bueno, en este sentido también te diría que hoy en día el problema que encontramos en el centro es que los pacientes que vienen, que no tienen ningún síntoma de ébola, pero que no son aceptados en los hospitales por miedo.(0731)",Cinco Continentes_Ebola,,그리고이 점에서 저는 또한 오늘날 우리가 중심에서 발견하는 문제는 에볼라의 증상이 없지만 병원에서 공포로 받아 들여지지 않는 환자라는 것입니다.,2,그리고 이런 의미에서 저는 또한 오늘날 우리가 센터에서 발견한 문제는 에볼라 증상이 없지만 두려움 때문에 병원에 입원하지 않는 환자들이라는 것입니다. ,3,같은 맥락에서 드리고 싶은 말씀은 오늘날 센터에서 주로 발생하는 문제는 센터로 오는 환자들이 에볼라 증상이 전혀 없는데도 병원 측에서는 괜히 무서워서 수용하지 않는다는 것입니다.,1
36,"Y bueno, pues habría que reforzar también esto es un poco, ¿no?, que vengan organizaciones, que ayuden al ministerio a poder gestionar estos centros hospitalarios que no tienen nada que ver con el ébola para ser una buena clasificación de los pacientes, un buen triaje como nosotros llamamos",Cinco Continentes_Ebola,,그리고 에보라와 아무 관련이없는 병원을 환자의 훌륭한 분류로 관리 할 수 ,3,"그리고 이것은 또한 조금 강화되어야 합니다. 조직이 와서, 우리가 부르는 것처럼 에볼라와는 아무런 관련이 없는 병원을 관리할 수 있도록 돕는 것입니다.",2,그러니까 여러 단체와 정부가 에볼라와 전혀 관계 없는 센터들을 운영해서 환자들을 적절히 선별할 수 있고 소위 말해 좋은 ‘지지대’ 역할을 할 수 있도록 강화해야 합니다.,1
37,"y que bueno, podemos enviar a pacientes que no están enfermos de ébola, que no son sospechosos de ébola a esos centros.(0755)",Cinco Continentes_Ebola,,그리고 우리는 에볼라로 의심이없는 에볼라와 아프지 않은 환자들을 그 센터로 보낼 수 있습니다.,3,"에볼라에 감염되지 않은 환자를 보낼 수 있고, 에볼라에 의심을 받지 않는 환자를 그 센터로 보낼 수 있습니다. ",1,에볼라에 걸리지 않고 의심되지도 않는 환자들을 이 센터들로 보낼 수 있습니다.,1
38,"Tú estás ahí trabajando sobre el terreno por cierto, ¿cuánto tiempo llevas ahí en Monrovia?(0800)",Cinco Continentes_Ebola,,너는 그곳에서 현장에서 일하고있다. 얼마나 오래 몬로 비아에 있었 니?,2,그런데도 당신은 거기서 일해요. 몬로비아에 얼마나 오래 있었나요? ,3,현장에서 일하고 계시죠. 몬로비아에는 얼마나 계셨습니까?,1
39,<Llevo cuatro semanas aquí.>(0802),Cinco Continentes_Ebola,,나는 4 주간 여기왔다.,3,4주 동안 여기 있었네,1,4주 되었습니다.,2
40,"Cuatro semanas, ¿y cuáles son las principales carencias que aprecias que existen ahora para luchar contra la enfermedad allí donde estás tú?(0810)",Cinco Continentes_Ebola,,"4 주 동안, 그리고 현재 질병에 맞서 싸우기 위해 존재하는 주된 결함은 무엇입니까?",3,"4주, 지금 당신이 있는 곳에서 질병과 싸우기 위해 존재하는 가장 큰 결핍은 무엇인가? ",1,4주군요. 까롤리나 씨가 계신 곳에서 에볼라와 싸우는데 가장 부족했다고 느낀 것이 무엇입니까?,2
41,"<Bueno, pues sobre todo lo que te decía antes, o sea el reforzar el sistema de ambulancias, el reforzar el seguimiento de contactos, y eso, sobre todo el apoyar estos hospitales públicos para que los pacientes que no tienen síntomas de ébola puedan acceder porque esto sí podemos ya más daños con lateral de lo que es la enfermedad,",Cinco Continentes_Ebola,,"글쎄, 내가 전에 말했 주로 무엇을, 그 것을 강화 구급차 시스템의 강화 모니터링 접촉이고, 특히 그 액세스 할 수 있습니다 에볼라의 증상이없는 환자에 대한이 공공 병원을 지원 우리는 이미 질병보다 측면에 더 많은 손상을 입을 수 있습니다.",3,"“글쎄, 무엇보다도 내가 전에 당신에게 말한 것, 즉 구급차 시스템을 강화하고, 접촉을 강화하며, 특히 에볼라 증상이 없는 환자들이 더 많은 피해를 입을 수 있도록 이러한 공립 병원을 지원하는 것, 즉 질병보다 더 많은 피해를 입을 수 있기 때문에,",2,"이전에도 말씀 드렸듯이 구급차 시설을 늘리는 것, 접촉 감시를 강화하는 것, 그리고 특히 에볼라에 걸리지 않은 환자들이 접근할 수 없도록 공공 병원을 돕는 것이 가장 필요했습니다. 왜냐하면 이것도 에볼라에 따른 피해라고 할 수 있기 때문입니다.",1
42,"está bien bastante grave, o sea las personas, evidentemente el ébola es una enfermedad muy grave, pero en personas que no tienen acceso a lo que es la salud, digamos, cotidiana, que son todas las enfermedades como la malaria, y como cuantas otras enfermedades que existen en este país.>(0852)",Cinco Continentes_Ebola,,"좋아 매우 심각한, 또는 사람들이 분명히 에볼라는 매우 심각한 질병이지만, 사람들은 모두 말라리아 같은 질병 및 기타 적은있는, 일상, 말, 건강이 무엇인지에 대한 액세스 권한이없는 사람 이 나라에 존재하는 질병.",3,"에볼라는 매우 심각한 질병이지만, 매일 말라리아와 같은 모든 질병과이 나라에 존재하는 다른 질병과 마찬가지로 건강이 무엇인지에 접근할 수없는 사람들에게는 매우 심각합니다.",2,"확실히 에볼라가 매우 심각한 질병이지만 병원의 혜택을 받을 수 없는 사람들에게는, 말라리아와 같은 모든 질병과 다른 모든 질병이 또한 꽤 심각합니다.",1
43,"¿Has podido constatar una diferencia en el tiempo que llevas en cuanto a la incidencia de la epidemia en las zonas rurales y en las zonas urbanas, una diferencia?(0904)",Cinco Continentes_Ebola,,농촌 지역과 도시 지역의 전염병 발병률의 차이에 대해 당신이 취한 시간의 차이를 알아 봤습니까?,2,농촌과 도시 지역에서 전염병의 발생률에 관한 시간 차이를 확인할 수 있었습니까? ,3,그곳에 계신 동안 시골과 도시에서 에볼라 사례를 비교할 수 있었습니까? 차이가 있나요?,1
44,"<Yo no te puedo hablar de las zonas rurales, porque yo, en las zonas rurales no estoy, lo que sí que sé es que el centro que tenemos en Soya también ha disminuído muchísimo,",Cinco Continentes_Ebola,,나는 농촌 지역에 관해서는 말할 수 없습니다. 농촌 지역이 아니기 때문입니다.하지만 제가 아는 것은 소야에서 우리가 가지고있는 중심지 또한 많이 감소했습니다.,2,“농촌에 대해선 말씀드릴 수 없습니다. 왜냐하면 시골에 있는 저 역시 소야에 있는 우리 센터가 매우 줄어들었기 때문입니다.,3,시골에 대해서는 말씀드릴 수 없습니다. 왜냐하면 저는 시골에 있지 않았기 때문입니다. 확실한 사실은 소야에 위치한 저희 센터에도 수가 매우 줄었다는 것입니다.,1
45,"o sea la cosa es también, o sea bastante positivo también porque tiene muchísimo menos casos que hace una semana,",Cinco Continentes_Ebola,,그것은 또한 1 주일 전에 비해 훨씬 적은 경우이기 때문에 또한 긍정적이거나 긍정적입니다.,2,"그것도, 아니면 꽤나 긍정적인 것도요. 일주일 전보다 훨씬 적은 수의 사례가 있기 때문이죠.",3,"즉, 꽤 긍정적인 일이기도 합니다. 일주일 전보다 감염 사례가 현저히 줄었기 때문입니다.",1
46,"entonces parece que sí, que en general esto está bajando, pero no significa que vaya a bajar, que vaya a terminar,",Cinco Continentes_Ebola,,그렇다면 일반적으로 이것은 추락하고있는 것처럼 보입니다. 그러나 그것이 내려 가고 있다는 것을 의미하지는 않습니다. 끝나기를 의미합니다.,2,"그래서, 보통은 이 일이 끝나는 것 같지만, 그렇다고 내가 내려오고, 끝낼 거라는 뜻은 아니야",3,일반적으로 수가 감소하는 것은 확실하지만 줄어들거나 종식될 것이라는 의미는 아닙니다.,1
47,"esto ya ha ocurrido en Sierrra Leona y ya ha ocurrido en Guinea, o sea, los casos bajaron para volver a subir, volvieron a bajar para volver a subir, o sea esto hay que tenerlo en cuenta.(0937) ",Cinco Continentes_Ebola,,"이것은 이미 Sierrra 리온에서 일어난 기니는 이미 발생한, 즉, 경우 다시 아래로 올라, 다시 가서 다시 떨어졌다, 또는이 고려되어야한다.",3,"이것은 이미 시에라 리온에서 발생했으며 기니에서 이미 발생했습니다. 즉, 사건이 다시 올라가고, 다시 올라가기 위해 다시 내려갔습니다. ",2,"이미 시에라레온에도 일어났고 기니에서도 일어났습니다. 감염 사례가 줄었다가 다시 늘어나고, 다시 줄고 또 늘었습니다. 즉, 이 사실을 알아야 합니다. ",1
48,"No es momento de relajarse, o sea es momento de reforzar justamente todas las actividades para subir la calidad, para que todo el mundo tenga un respiro para poder trabajar un poco más en profundidad sobre ciertos temas en las actividades",Cinco Continentes_Ebola,,"휴식을 취할 때가 아닙니다. 즉, 품질 향상을위한 모든 활동을 강화해야 할 때입니다. 따라서 모든 사람들이 활동의 ",3,"긴장을 풀 때가 아니며, 품질을 높이기 위한 모든 노력을 정당하게 강화할 때가 아니므로 모든 사람들이 휴식을 취하여 특정 활동 문제에 대해 조금 더 깊이 연구할 수 있습니다.",2,긴장을 늦출 때가 아닙니다. 모든 활동의 질을 개선하기 위해 더 노력해야 할 때입니다. 전세계가 활동의 특정 분야를 조금 더 깊이 연구할 수 있는 시간이 되어야 합니다.,1
49,"y bueno, podéis seguir haciendo frente a esta epidemia porque esto no se termina hoy.>(0955)",Cinco Continentes_Ebola,,그리고 이것이 오늘 끝나지 않기 때문에 계속 전염병에 직면 할 수 있습니다.,3,그리고 당신은 이 전염병에 계속 대처할 수 있습니다. 왜냐하면 이것은 오늘 끝나지 않기 때문입니다.,2,여러분들도 에볼라가 현재 종식된 것이 아니기 때문에 계속 맞서 싸울 수 있습니다.,1
50,"Muy bien, Carolina López, coordinadora del centro de tratamiento contra el ébola de Médicos sin Fronteras en Monrovia, y gracias por tu presencia en Cinco Continentes y buenas noches.(1005)",Cinco Continentes_Ebola,,"네, 몬로 비아의 Médicos sin Fronteras의 에볼라 치료 센터 코디네이터 인 Carolina Lopez는 Cinco 대륙과 좋은 저녁에 참석해 주신 것에 감사드립니다.",3,몬로비아의 프론티어없는 의사의 에볼라 치료 센터의 코디네이터인 캐롤라이나 로페즈에게 감사드립니다. 그리고 5 대륙과 좋은 밤을 보내주셔서 감사합니다. ,2,"감사합니다, 까롤리나 로빼스 씨. 에볼라를 위해 몬로비아에 나가 있는 국경없는의사회 치료센터의 담당자이십니다. 씽꼬 꼰띠넨떼스에 나와주셔서 감사합니다. 안녕히 계세요.",1