Segment ID,Source Segment,Segment Origin,Comments,Human Translation,Human Translation rating,Google Translate,Google Translate rating,Kakao i,Kakao i rating
1,[HEADLINE] El CIS otorga a Susana Díaz una amplia mayoría en las elecciones andaluzas,El País,,CIS의 설문 결과 수사나 디아스가 안달루시아 선거에서 과반수로 승리할 것으로 나타났다.,1,CIS는 Susana Díaz에게 안달루시아 선거에서 대다수를 준다.,2,CIS는 안달루시아 선거에서 수자나 디아즈에게 과반수를 부여한다,2
2,[SUB-HEADLINE] La encuesta sitúa a la coalición de Podemos e IU en segundo lugar y anticipa un empate técnico entre PP y Ciudadanos,El País,,"여론조사 결과 포데모스와 IU 연대가 2위, PP와 시우다다노스가 동률 예상되다.",1,이 설문 조사는 Podemos와 IU의 연합을 두 번째 장소에두고 PP와 Citizens 사이의 기술적 인 관계를 예상합니다,2,이 설문 조사는 Podemos와 IU의 연합을 2 위로 끌어 올리고 PP와 Citizen 사이의 기술적 동점을 예상합니다.,1
3,"La presidenta de la Junta de Andalucía, Susana Díaz, ganaría las próximas elecciones autonómicas con más de 10 puntos de ventaja, pero lejos de la mayoría absoluta (55 escaños de un total de 109), según la encuesta hecha pública este miércoles por el Centro de Investigaciones Sociológicas (CIS). ",El País,,사회학연구센터(CIS)가 이번 수요일 공식 발표한 여론조사에서 안달루시아 의회의 수사나 디아스 의장이 차기 자치선거에서 10석 이상의 우위를 점할 것이지만 과반수(109석 중 55석)는 불가능할 것으로 나타났다. ,1,"유다 데 안달루시아 (Susana Díaz) 의장은 다음 주 지방 선거에서 10 점 이상의 우위를 점할 것으로 예상했지만, 이번 수요일에 센터에 의해 공개 된 설문 조사에 따르면, 절대 다수 (109 개 가운데 55 석) 사회학 연구 (CIS).",2,사회학연구센터(CIS)가 수요일 발표한 여론조사에 따르면 안달루시아 이사회 수잔라 디아즈 회장은 10점 이상 앞선 차기 자치선거에서 승리할 것이지만 절대 다수당(109석 중 55석)에서 벗어나는 것으로 나타났다.,1
4,"La candidata socialista obtendría el 37,41% de los votos y entre 45 y 47 escaños. ",El País,,사회노동당이 37.41%로 45 - 47석을 획득할 전망이다. ,2,사회당 후보는 37.41 %의 표와 45 ~ 47 표의 표를 얻는다. ,1,사회주의 후보자는 투표의 37.41 %와 45-47 석을 얻을 것이다.,2
5,Esta última cifra coincide con el número de diputados que el PSOE tiene en la actualidad. ,El País,,이는 PSOE가 현재 보유하고 있는 의원 수와 일치한다. ,1,이 마지막 숫자는 PSOE가 현재 보유한 대리인의 숫자와 일치합니다. ,2,이 마지막 수치는 현재 PSOE가 보유하고 있는 회원 수와 일치합니다.,2
6,"Con estos resultados, y si no hubiera bloqueos, Díaz podría aspirar a desarrollar lo que ella ha denominado ""gobierno de banda ancha"", que le permitiría dirigir la Junta en minoría con apoyos puntuales de distintas fuerzas políticas.",El País,,"이러한 결과라면, 그리고 장애물이 없다면, 디아스 의장은 자신이 주장한 “광역 정부” 구성을 꿈꿀 수 있을 것이다. 이를 통해 다양한 정치 세력들의 지지를 적시에 받아 의회를 소수로 지휘할 수 있다.",1,"이러한 결과와 함께 장애가없는 경우 Díaz는 그녀가 ""광대역 정부""라고 부른 것을 발전 시켜서 그녀가 다른 정치 세력으로부터 특별한 지원을받는 소수 민족위원회를 이끌 수있게 할 수있었습니다.",2,"이러한 결과와 봉쇄가 없다면 디아즈는 그녀가 ""광역 정부""라고 불렀던 것을 개발하기를 열망할 수 있습니다.이 정부는 다양한 정치 세력의 적시에 지원을 받아 소수 민족으로 이사회를 이끌 수 있습니다.",2
7,"La batalla se juega en el terreno del segundo puesto, donde las tres formaciones principales, PP, Adelante Andalucía —la confluencia entre Podemos e IU— y Ciudadanos llegan muy igualadas, según el sondeo. ",El País,,"이 여론조사에 따르면, 2위를 두고 세 주요 정당인 PP, 아델란떼 안달루시아(포데모스와 IU 연대), 시우다다노스가 아슬아슬한 격차로 대결이 치열하다. ",1,"이 전투는 2 위의 지형에서 진행되는데 PP, Adelante Andalucía (Podemos와 IU- 시민들의 합류는 매우 평평하다.",2,"전투는 PP, Avanta Andalucía - Podemos와 IU 사이의 합류점 -과 시민이 매우 동등한 3 개의 주요 구조물인 2 위 지형에서 진행됩니다.",2
8,"En cuanto a porcentaje de sufragios, la coalición de izquierdas liderada por Teresa Rodríguez se situaría en segunda posición, con un 19,34%;",El País,,득표율로는 테레사 로드리게스가 이끄는 좌파연대가 19.34%로 2위를 차지할 전망이다.,1,투표율에 대해서는 테레사 로드리게스 (Teresa Rodríguez)가 이끄는 좌파 연합이 19.34 %로 2 위에 올랐다.,1,"선거권의 비율에 관해서는, 테레사 로드리게스가 이끄는 좌파 연합은 19.34 %로 두 번째 위치에 있을 것이다.",2
9,"pero mantendría 20 escaños, la cifra que actualmente suman los diputados de ambas formaciones en el Parlamento (15 Podemos y 5 IU).",El País,,"그러나 의석은 20석을 유지할 것이다. 이는 양당의 총 현역 의원 수와 같다(포데모스 15석, IU 5석).",1,그러나 의회의 두 대의 대의원이 현재 추가로 (15 개의 Podemos와 5 개의 IU) 추가하는 20 석을 유지할 것입니다.,2,그러나 20 석을 유지할 것입니다. 현재 의회의 두 구조물의 회원들이 합산한 수치입니다 (15 Podemos와 5 IU).,2
10,"Quienes mantienen un empate técnico son PP y Ciudadanos, los primeros con un 18,66% de voto y el segundo con un 18,55%, que se traduce en idéntico número de representantes en el Parlamento andaluz: una horquilla que va de los 20 a los 22.",El País,,PP와 시우다다노스는 각각 18.66%와 18.55%로 동률이다. 이는 안달루시아 의회에서는 같은 의석 수인 20-22석 사이를 의미한다.,1,"기술적 인 관계를 유지하는 사람들은 PP와 시민이며, 18.66 %의 투표권을 가진 첫 번째 사람과 18.55 %의 사람인 두 번째 사람은 안달루시아 의회 의원과 같은 수의 사람으로 번역됩니다. 머리말은 20 22시에",2,"기술적인 동점은 PP와 시민이며, 투표는 18.66 %이고 후자는 18.55 %로 안달루시아 의회의 동일한 수의 대표로 번역됩니다. 20에서 22까지의 머리핀입니다.",2
11,"La principal novedad es la irrupción de VOX, que con un 3,17% de los votos, obtendría por primera vez representación en España, con un escaño en el Parlamento andaluz por la provincia de Almería. ",El País,,"새로운 점은 VOX당의 출현으로, 3.17%의 득표율을 얻어 최초로 스페인에서 출마할 자격을 얻을 것이고 알메리아 주 덕에 안달루시아 의회에서 1석을 차지하게 된다. ",1,가장 주목할만한 사실은 투표의 3.17 %로 알 메리아 지방에 대한 안달루시아 의회 (Andalusian Parliament) 의석을 보유한 스페인 최초의 대표권을 얻게 될 복스 (VOX)의 침범이다.,2,주요 참신함은 투표의 3.17 %를 가진 VOX의 침입으로 스페인에서 처음으로 대표 될 것이며 알 메리아 지방에서 안달루시아 의회 의원 1 명을 확보할 것입니다.,2
12,"En los anteriores comicios autonómicos, el partido de extrema derecha quedó en novena posición, por detrás de UPyD, que vuelve a presentarse en estas elecciones en todas las provincias, el ahora disuelto Partido Andalucista y PACMA, que también tiene candidaturas en todas las circunscripciones.",El País,,"과거 자치선거에서 극우파인 이 정당은 불과 9위로, 이번 선거에 각 주에 후보를 배출한 UPyD와 현재는 해체된 안달루시스타당, 현재 모든 선거구에 후보를 보유한 PACMA 보다도 뒤였다.",1,"이전의 지방 선거에서 맨 오른쪽 파티는 UPyD 뒤에서 9 번째 위치에 있었고, 모든 주에서 선거로 돌아 왔고, 지금은 해체 된 Andalusian Party와 PACMA도 모든 선거구에서 후보가되었습니다.",2,"이전의 자치 선거에서 극우파 정당은 UPyD보다 9 위를 차지했으며, 모든 지방에서이 선거에서 다시 서있었습니다. 현재 해산 된 안달루시아 당과 PACMA는 모든 선거구에서 후보를 보유하고 있습니다.",2
13,"La encuesta del CIS no ha despejado las dudas sobre quién ostentará el centro de la derecha en Andalucía, si Ciudadanos o PP. ",El País,,이번 CIS 여론조사는 시우다다노스와 PP 중 어느 당이 안달루시아 좌파의 중심이 될지에 대한 의문점을 해결하지는 못했다.  ,1,CIS 설문 조사는 시민 또는 PP 여부에 관계없이 안달루시아에서 권리의 중심을 누가 잡을 지에 대한 의구심을 해소하지 못했습니다.,2,"CIS 조사는 안달루시아에서 누가 오른쪽 홀을 차지할 것인지, 시민인지 PP인지에 대한 의구심을 없애지 못했습니다.",2
14,"Si bien Ciudadanos no acaba de dar su anhelado sorpasso, los datos del sondeo evidencian un avance muy significativo en relación con los resultados de las autonómicas de 2015, donde obtuvieron nueve escaños. ",El País,,시우다다노스가 '추월'이라는 숙원을 성취하지는 못했지만 9석을 획득한 2015 자치선거 결과에 비하면 이번 여론조사 결과는 그들의 엄청난 진전을 보여준다.  ,1,시민들이 열광한 sorpasso를 제공하는 것만은 아니지만 설문 조사 데이터는 2015 년 자치 결과 9 개를 차지한 결과와 관련하여 매우 중요한 진전을 보였습니다. ,2,"시민들은 단지 갈망하는 스냅 샷을 제공하지는 않았지만, 투표 데이터는 9 석을 얻은 2015년 자치 단체의 결과와 관련하여 매우 중요한 진전을 보여줍니다.",2
15,"El partido de Albert Rivera obtendría representación en todas las provincias, con un avance muy significativo en Cádiz, donde pasaría de 1 a 3 o 4. ",El País,,알버트 리비에라가 이끄는 이 당은 특히 1석이었던 카디스에서 3-4석으로 크게 진전을 보이며 모든 지역구에 출마할 것이다.  ,1,앨버트 리베라 (Albert Rivera)의 당은 카디스에서 매우 중요한 진보와 함께 모든 지역에서 대표권을 얻었으며 카디스는 1에서 3 또는 4로 넘어갔습니다.,2,앨버트 리베라 당은 카디스에서 1에서 3 또는 4로 매우 중요한 돌파구를 마련하여 모든 주에서 대표성을 확보할 것입니다.,2
16,"La lectura para el PP no es tan positiva ya que, de confirmarse la proyección del estudio preelectoral, el 2 de diciembre supondría una bajada de entre 13 y 11 diputados, un desplome del que se benefician Ciudadanos y Vox. ",El País,,그러나 이 지표가 PP에는 그렇게 긍정적이지 않다. 사전 선거 조사 결과를 확인한 뒤 12월 2일에 의원 수가 13명에서 11명으로 준다는 의미이기 때문이다. 이와 같은 하락으로 시우다다노스와 VOX가 이득을 보게 된다. ,1,예비 선거 연구 계획이 확정되면 12 월 2 일에 시민과 복스에게 혜택을주는 붕괴가 13 명에서 11 명으로 감소 할 것이기 때문에 PP에 대한 독서가 그렇게 긍정적이지는 않습니다.,2,PP에 대한 독서는 선거 전 연구의 예측이 확인되면 12월 2 일에 13-11 명의 회원이 감소할 것이기 때문에 긍정적이지 않습니다. 이는 시민과 Vox의 이익을 위한 붕괴입니다.,2
17,Los populares pierden escaños en las ocho circunscripciones.,El País,,공화당은 8개 지역구에서 의석을 잃는다.,1,인기는 8 개 지구의 좌석을 잃어 버린다.,2,인기 있는 사람들은 8개의 선거구에서 의석을 잃는다.,2
18,"La coalición de Adelante Andalucía se coloca como segunda fuerza política en porcentaje de voto, pero, sin llegar repetir la mala experiencia de la confluencia entre Podemos e IU a nivel nacional, en Andalucía ambas formaciones juntas no suman más que por separado y, de acuerdo con el CIS, mantendrían los 20 escaños que ya tienen en la actualidad, por lo que no sacarían rédito por el flanco de la izquierda del desgaste del PSOE.",El País,,"아델란떼 안달루시아 연대는 득표율로 2위를 차지했지만, 그들이 포데모스와 IU의 전국적 연대의 전례를 따르지 않고서는 안달루시아에서 각각 출마한 것만큼의 의석을 확보하지 못할 것이다. 그리고 CIS 조사에 따르면 현재 보유하고 있는 20석을 유지할 것으로 나타나 좌파 PSOE의 세력 저하로 얻는 이득은 없을 것이다.",1,"Adelante Andalucía 연합은 투표의 비율로 두 번째 정치 세력으로 배치되지만 안달루시아에서 Podemos와 IU 간의 합류에 대한 나쁜 경험을 되풀이하지 않고 두 가지 형성은 함께 개별적으로 추가하지 않으며 CIS와 함께, 그들은 이미 가지고있는 20 석을 유지할 것이므로 PSOE 착용의 왼쪽 측면에 대해 돈을받지 않을 것입니다.",3,"포워드 안달루시아 연합은 투표율로 두 번째 정치 세력으로 자리 매김했지만, 국가 차원에서 Podemos와 IU 간의 합류 경험의 나쁜 경험을 반복하지 않고 안달루시아에서 두 구조물은 별도로 합쳐져 CIS에 따르면 현재 20 석을 보유하고 있으므로 PSOE의 왼쪽 측면으로 이익을 얻지 못할 것입니다.",2
19,"Ni la última legislatura ni los casi 40 años de Gobiernos socialistas continuados parecen haber horadado las expectativas electorales del PSOE de cara a la cita electoral del 2 de diciembre, justo lo contrario que le ocurre al PP. ",El País,,"지난 입법회기도, 40년 가까이 계속 집권한 사회주의 정부도 12월 2일에 열릴 선거에서 현 PSOE의 예상 결과에 흠집을 내지 못할 전망이다. PP에는 정반대 되는 일이 일어나고 있지만 말이다.  ",1,마지막 입법부와 거의 40 년 동안 지속 된 사회주의 정부 모두 12 월 2 일 선거를 앞두고 PS에 대한 선거 기대를 뚫지 못했다. ,2,지난 입법부 나 거의 40년 동안 계속된 사회주의 정부는 PSOE의 선거 기대를 12월 2일 선거 약속에 맞춰 정한 것으로 보이지 않는다.,2
20,"Díaz, no obstante, debería obtener el respaldo de Adelante Andalucía o de Ciudadanos para repetir mandato. ",El País,,그러나 디아스 의장은 재임을 위해 아델란테 안달루시아나 시우다다노스의 지지가 필요하다. ,1,그러나 디아즈는 아 델란 테 안달루시아 (Adelante Andalucía) 또는 시우 다다 노 (Ciudadanos)의 지원을 받아 위임을 반복해야한다. ,1,그러나 디아즈는 안달루시아 전방이나 시민으로부터 명령을 반복하는 데 대한 지원을 받아야 합니다.,2
21,"Hasta ahora, los de Rivera se han mantenido firmes en su intención de no volver a apoyar bajo ningún concepto a la dirigente socialista. ",El País,,지금까지 리비에라가 이끄는 이 당은 어떠한 명목으로도 사회당 당수인 그녀를 다시는 지지하지 않겠다는 의사를 철저히 고수하고 있다. ,1,지금까지 리베라는 어떤 식 으로든 사회주의 지도자를지지하지 않을 것이라는 확고한 견해를 유지해 왔습니다.,1,지금까지 리베라의 사람들은 사회주의 지도자를 다시 지원하지 않을 의도로 확고하게 서있었습니다.,2
22,"Desde la coalición de izquierdas también son claros en que no permitirán un Ejecutivo de derechas ante un eventual pacto PP y Ciudadanos, y mantienen el discurso beligerante contra el “régimen del PSOE y el susanismo”. ",El País,,"좌파연대도 PP와 시우다다노스의 임시 협정에 대해 우파 지도부를 허용하지 않겠다는 의사는 명확하고, ""PSOE와 수사나주의 정책""에 호전적인 입장을 유지하고 있다. ",1,"좌파 연립 정부로부터 그들은 최종 PP와 시민 협정 전에 권리 집행을 허용하지 않으며 ""PSOE 정권과 수사 니즘""에 대한 호전적인 담론을 유지할 것임을 분명히했다.",2,"좌파 연합에서 그들은 또한 PP와 시민 협약에 대한 우익 집행을 허용하지 않을 것이며 ""PSOE와 수산주의 체제""에 대한 호전적인 연설을 유지할 것이라는 것이 분명하다.",1
23,"De acabar segundos el 2 de diciembre, serán determinantes para la elección de la presidenta.",El País,,12월 2일에 2위가 되면 의장 선거에서는 결정적일 것이다.,1,12 월 2 일에 두 번째를 마치면 대통령 선거에 결정적인 역할을 할 것입니다.,2,"12월 2일에 두 번째를 끝내면, 그들은 대통령 선거에 결정적일 것이다.",2
24,"[MINI-TITLE] Un 58,4% quiere un cambio de Gobierno",El País,,58.4%가 정권 교체를 원한다.,1,58.4 % 정부 변화를 원한다.,2,58.4%가 정부 변화를 원한다,2
25,"Pese a que el PSOE volvería a ganar las elecciones, la valoración de los votantes respecto de la gestión de los socialistas en esta última legislatura es mayoritariamente regular (39,8%), mala (27,9%) o muy mala (15,2%). ",El País,,PSOE가 또 선거에서 승리할 것이지만 이번 입법회기의 사회당의 지도력에 대한 유권자들의 평가는 대부분 그저 그렇다(39.8%) 혹은 매우 나쁘다(15.2%) 이다. ,1,"PSOE가 다시 선거에서 승리 할지라도,이 마지막 기간에 사회 주의자들의 관리에 관한 유권자 평가는 대부분 규칙적 (39.8 %), 나쁜 (27.9 %) 또는 매우 나쁘다 (15, 2 %).",2,"PSOE가 선거에서 다시 승리 할지라도, 후자의 입법부에서 사회 주의자들의 관리에 대한 유권자의 평가는 대부분 규칙적 (39.8 %), 나쁜 (27.9 %) 또는 매우 나쁜 (15.2 %)입니다.",3
26,"Poco más de la mitad de los andaluces, 58,4%, cree que sería bueno un cambio de Gobierno en la comunidad, después de casi cuatro décadas con el PSOE al mando. ",El País,,안달루시아인 중 절반 이상인 58.4%가 PSOE가 40년간 집권했기 때문에 이제는 이 지역에서 정권 교체가 이루어졌으면 좋겠다고 응답했다. ,2,안달루시아 인 중 절반 이상 (58.4 %)은 PSOE를 담당 한 거의 40 년 후 공동체에서 정부의 변화가 좋을 것이라고 생각한다.,3,안달루시아인의 절반 이상인 58.4 %는 PSOE가 지휘하는 거의 40년 후에 지역 사회에서 정부의 변화가 좋을 것이라고 믿는다.,1
27,Un 26% de los encuestados no tiene decidido aún a quién votará.,El País,,응답자의 26%는 투표 대상이 미정이라고 답했다.,1,응답자의 26 %는 투표 대상자를 아직 결정하지 않았습니다.,1,응답자의 26퍼센트는 아직 누가 투표할지 결정하지 못했다.,3
28,La campaña andaluza arrancará el viernes 16 de noviembre a las 00.00 con la encuesta preelectoral como telón de fondo y se antoja determinante para disipar las dudas que arroja el CIS. ,El País,,"안달루시아 선거운동은 11월 16일 금요일 00시에 정보 수집을 위해 사전 선거 여론조사를 실시할 것이고, CIS가 제기한 의혹을 불식시키려 한다. ",1,안달루시안 캠페인은 11 월 16 일 금요일 00:00에 예비 선거 조사를 배경으로 시작되며 CIS가 제기 한 의구심을 없애는 결정적인 요인으로 보인다. ,2,안달루시아 캠페인은 11월 16일 금요일 00시에 선거 전 설문 조사를 배경으로 시작하여 CIS가 제기한 의심을 없애기 위해 결정적으로 열망합니다.,3
29,"Para los partidos estas elecciones son la antesala de lo que puede suceder en las próximas citas con las urnas (municipales, autonómicas, europeas e incluso generales). ",El País,,"모든 정당들에게 이번 선거는 차기 (시, 자치, 유럽, 대선) 투표의 전조이다. ",1,"당사자들에게이 선거는 여론 조사 (시, 지역, 유럽 및 심지어 일반)에서 예정된 약속에서 일어날 수있는 일의 서곡입니다. ",2,"정당의 경우,이 선거는 투표함 (지방, 자치, 유럽 및 심지어 일반)과의 다음 약속에서 일어날 수있는 일의 대기실입니다.",3
30,"Los líderes nacionales, incluido el de Vox, van a volcarse de lleno para arañar unos resultados que permitan mantener sus expectativas. ",El País,,VOX를 비롯한 모든 정당 지도부에서는 자신들의 기대에 부합하는 결과를 얻기 위해 혼신을 다할 것이다. ,1,Vox를 포함한 전국 지도자들은 자신들이 기대치를 유지할 수 있도록 결과를 뒤집기 위해 전복하려고합니다. ,2,Vox를 포함한 국가 지도자들은 기대를 유지할 수 있는 결과를 얻기 위해 완전히 뒤집힐 것입니다.,3
31,"Para cuatro de cada 10 encuestados, los máximos responsables de los partidos influyen bastante a la hora de votar. ",El País,,여론조사 응답자 10명 중 4명은 당지도부가 투표에 꽤 많은 영향을 미친다고 답했다. ,1,응답자 10 명 중 4 명에 대해서는 당사자 대표가 투표 할 때 큰 영향력을 행사합니다. ,3,응답자 10 명 중 4 명에게 정당에 대한 책임이 있는 최고 경영자는 투표에 상당한 영향을 미칩니다.,2
32,"En estas últimas semanas y pese al interés de Díaz de que solo se hable de los problemas andaluces, todos han querido introducir los asuntos de la actualidad política en clave nacional.",El País,,디아스 당수가 오직 안달루시아 관련 이슈만 언급해야 한다고 했음에도 불구하고 최근 몇 주간 모든 후보자들이 국가적으로 중요한 현재 정치 사안을 다루길 원했다.,1,지난 몇 주간 그리고 디아즈가 안달루시아 문제에 대해서만 이야기하는 것에 관심을 갖고 있음에도 불구하고 모든 사람들은 정치적 시사 문제를 국가 핵심 용어로 소개하기를 원했습니다. ,3,"최근 몇 주 동안, 그리고 안달루시아 문제에 대해서만 이야기하는 디아즈의 관심에도 불구하고, 모든 사람들은 정치적 현안을 국가 핵심에 도입하기를 원했습니다.",2
33,"Sin embargo, para el 56,4% de los electores de la comunidad, lo más importante a la hora de elegir la papeleta serán los temas propios de Andalucía.",El País,,그러나 이 지역 유권자의 56.4%는 후보를 찍을 때 가장 중요한 것은 안달루시아 지역 자체의 이슈일 것이라고 답했다.,1,그러나 지역 사회 유권자의 56.4 %가 안달루시아의 대상이 될 것입니다.,3,그러나 지역 사회 유권자의 56.4 %에게 투표 용지를 선택하는 데 가장 중요한 것은 안달루시아의 주제가 될 것입니다.,2
34,"Respecto de los líderes políticos, la candidata socialista y presidenta de la Junta, Susana Díaz, es la más conocida y la más valorada con una nota de un 4,1. ",El País,,당 지도부에 대해서는 사회당 후보인 수사나 디아스 의장이 4.1점으로 가장 인지도가 높고 유력한 후보로 꼽혔다. ,1,"정치 지도자들에 관해서, 사회주의 후보자이자 이사회 의장 인 Susana Díaz는 4.1 등급으로 가장 잘 알려져 있고 가장 가치가 있습니다. ",2,정치 지도자들과 관련하여 사회주의 후보이자 이사회 의장인 Susana Díaz는 4.1의 메모로 가장 잘 알려져 있으며 가장 가치가 있습니다.,2
35,El resto de los aspirantes a dirigir la comunidad también suspenden. ,El País,,이 지역에 출마한 다른 후보들도 모두 제쳤다.  ,1,공동체를 이끌어 나갈 다른 유망주들도 일시 중지합니다. ,2,지역 사회를 이끌려는 나머지 사람들도 일시 중지됩니다.,2
36,"El líder regional de Ciudadanos, Juan Marín, y el coordinador general de IU en Andalucía y número dos de Adelante Andalucía, Antonio Maíllo, obtienen una calificación de 3,5, seguidos de la cabeza de lista por la confluencia de izquierdas, Teresa Rodríguez, con un 3,4, y el candidato popular, Juan Manuel Moreno, 3,1. ",El País,,"시우다다노스 지역 대표인 후안 마린과 IU의 안달루시아 총 책임이자 아델란떼 안달루시아의 서열 2위인 안토니오 마이요가 3.5점을 얻었고, 좌파 연대의 테레사 로드리게스가 3.4점, 공화당의 후안 마누엘 모레노 후보가 3.1점으로 그 뒤를 이었다. ",1,"후안 마린과 안달루시아 IU 총지배인 인 아델란테 안달루시아 (Andelucía), 안토니오 메이 올로 (Antonio Maíllo)의 지역 지도자는 3.5 점을 얻었고 왼쪽의 합류점 인 테레사 로드리게스 (Teresa Rodríguez) 3.4, 인기 후보 인 후안 마누엘 모레노 (3.1).",2,"안달루시아의 시민 지역 지도자인 후안 마린과 안달루시아의 IU 총 코디네이터인 안토니오 마일로는 3.5 점을 얻었고, 좌파의 합류자인 테레사 로드리게스는 3.4 점을 얻었고, 인기 후보인 후안 마누엘 모레노는 3.1 점을 얻었다.",2
37,"Cuatro años después de su aparición en la política andaluza, Marín continúa siendo el político menos conocido.",El País,,마린 후보는 안달루시아 정치계에 입문한지 4년이 지난 지금도 가장 인지도가 낮은 정치인이다.,1,안달루시안 정치에 출마 한 지 4 년 후 마린은 계속 정치인으로 알려지지 않았다.,2,"안달루시아 정치에 출연한 지 4년 후, 마린은 가장 잘 알려진 정치가로 남아 있습니다.",3
38,El Parlamento andaluz está compuesto actualmente por 109 diputados repartidos entre los cinco grupos parlamentarios que lograron representación en las elecciones de 2015. ,El País,,현재 안달루시아 의회는 109명의 국회의원이 2015년 대선에 출마한 다섯 진영으로 나뉘어 있다. ,1,안달루시안 의회는 현재 2015 년 선거에서 대의원을 얻은 5 명의 의원들로 구성된 109 명의 의원들로 구성됩니다.,1,안달루시아 의회는 현재 2015년 선거에서 대표성을 얻은 5 개 의회 그룹에 109 명의 대리인으로 구성됩니다.,2
39,El PSOE logró 47 diputados;,El País,,PSOE는 47명을 얻었다.,1,PSOE는 47 명의 대리인을 확보했습니다.,1,PSOE는 47 명의 대리인을 확보했습니다.,1
40,le sigue el PP que consiguió 33. ,El País,,그 뒤를 이어 PP는 33명을 획득했다. ,1,그 다음에는 33 점을 얻은 PP가 나옵니다.,2,33번을 얻은 PP를 따라가세요,2
41,"Podemos obtuvo 15 diputados, mientras Ciudadanos e IU obtuvieron nueve y cinco respectivamente. ",El País,,"포데모스는 15명을 얻었고 시우다다노스와 IU는 각각 9명, 5명이었다. ",1,Ciudadanos와 IU가 각각 9 점과 5 점을 얻은 동안 우리는 15 명의 대리인을 얻을 수 있습니다.,2,"우리는 15명의 의원을 확보할 수 있고, 시민과 IU는 각각 9명과 5명을 확보할 수 있다.",2
42,La campaña electoral finalizará el viernes 30 de noviembre. ,El País,,선거 운동은 11월 30일 금요일에 종료될 것이다. ,1,선거 운동은 11 월 30 일 금요일에 끝납니다.,1,선거 운동은 11월 30일 금요일에 끝날 것이다.,1
43,"La sesión constitutiva del Parlamento, tras los comicios, tendrá lugar el 27 de diciembre.",El País,,선거가 끝난 후 12월 27일에 의회가 구성될 것이다.,2,선거 이후 의회의 구성 회의는 12 월 27 일에 열릴 예정이다.,1,선거 후 의회의 구성 회의는 12월 27 일에 열릴 것입니다.,1
44,[HEADLINE] Londres elige entre vasallaje o caos,El País,,영국이 예속과 혼돈의 갈림길에 서다.,2,런던은 계략 또는 혼돈 중 하나를 선택합니다.,1,런던은 가신이나 혼돈 가운데 선택한다,2
45,"[SUB-HEADLINE]  Ante la incapacidad de May de gestionar el Brexit, el intento de organizar otro referéndum es solo la vía de eludir la elección entre lo malo y lo peor",El País,,메이 총리가 브렉시트 추진에 실패한 상황에서 제 2 국민투표를 위한 움직임은 나쁜 선택과 최악의 선택 사이에서 선택을 회피하려는 수단에 지나지 않는다.,1,5 월에 Brexit을 관리 할 수 없다는 점을 감안할 때 다른 국민 투표를 조직하려는 시도는 악과 최악의 선택을 피하는 유일한 방법 일뿐입니다,2,"5 월의 브렉시트 관리 실패에 직면하여, 또 다른 국민 투표를 조직하려는 시도는 나쁜 것과 최악의 것 사이의 선택을 피하는 길 일뿐입니다.",2
46,"Dos años después de que los ingleses decidieran recuperar su soberanía —¿la habían perdido?—, disponen de solo cuatro meses y medio para elegir entre el vasallaje o el caos. ",El País,,영국이 주권을 회복하기로 결정한지 2년이 지나고 (잃은 적이 있었는가?) 4.5개월 안에 예속과 혼돈 중 한 쪽을 선택해야 한다. ,1,영국군이 주권을 되찾기로 결정한 지 2 년 후 - 그들은 그것을 잃었을 까? - 그들은 단지 4 개월 반 밖에 걸리지 않았기 때문에 계략이나 혼란 중에서 선택했다. ,2,"영국인들이 주권을 회복하기로 결정한 지 2년 후, 그들은 4 개월 반 만에 가신이나 혼란을 선택할 수 있었습니다.",1
47,"Es la alternativa a la que les ha llevado Theresa May, que acaba de sumar la octava dimisión en su Gobierno por la errática negociación sobre el Brexit. ",El País,,이는 브렉시트에 대해 무분별한 협상으로 8번째 사임 위기에 놓인 테레사 메이 총리가 제시한 대안이다. ,1,테레사 수녀가 취한 대안은 브리태츠 정부의 불협화음에 대한 8 번째 사임을 방금 추가 한 것입니다. ,3,그것은 테레사 메이가 브렉시트에 대한 불규칙한 협상으로 정부에서 8 번째 사임을한 대안입니다.,2
48,"La situación, sin embargo, puede empeorar porque eso es exactamente lo que ha ocurrido desde que los británicos votaron por salir de la UE. ",El País,,그러나 상황이 더 악화될 수도 있다. 영국인들이 EU 탈퇴에 투표한 뒤 바로 그렇게 됐기 때문이다. ,2,그러나 영국이 유럽 연합 (EU)을 떠난 지 투표 한 이후 발생한 상황이기 때문에 상황이 악화 될 수도있다. ,1,그러나 영국이 EU를 떠나기로 결정한 이래로 정확히 그렇게 되었기 때문에 상황은 더욱 악화 될 수 있습니다.,2
49,"El listado de malas noticias, en efecto, es interminable: ",El País,,사실 나쁜 징조는 수도 없이 많다. ,1,사실 나쁜 소식 목록은 끝이 없습니다.,2,나쁜 소식의 목록은 실제로 끝이 없습니다.,2
50,"desde la profunda división del país en dos bloques al bandazo del Brexit duro al blando y la inestabilidad política, pasando por la voladura de las líneas rojas exhibidas por Londres frente a Bruselas o la incertidumbre, letal para la economía. ",El País,,브렉시트에 대한 찬반을 놓고 나라가 양쪽으로 분열된 것에서부터 시작해서 영국이 EU에 제시한 한계선을 공중폭파하듯 넘어버려 생긴 정치적 불안과 불신으로 경제에 치명타가 되고 있다.  ,1,브뤼셀 앞에서 런던이 전시 한 빨간 선이 폭발하거나 경제에 치명적인 불확실성으로 인해 브리짓이 강경 한 브리짓 (Br Brexit)이 부드럽고 정치적으로 불안정한 상태에 이르기까지 두 블록에 걸친 국가의 깊은 분파에서 일어났습니다.,3,"두 블록으로의 깊은 분열에서 단단한 브렉시트에서 부드러운 정치적 불안정에 이르기까지 브뤼셀에 대한 런던이 보여주는 빨간 선의 폭발이나 불확실성, 경제에 치명적인 영향을 미칩니다.",2
51,"Así, la libra ya ha perdido el 12% de su valor y Reino Unido será el país europeo que menos crezca en 2019 y 2020. ",El País,,이에 따라 이미 파운드의 가치는 12% 하락했고 영국은 2019년-2020년에 가장 성장률이 낮은 유럽 국가가 될 것이다. ,1,따라서 파운드는 이미 가치의 12 %를 잃었으며 영국은 2019 년과 2020 년에 성장하지 않는 유럽 국가가 될 것입니다. ,3,따라서 파운드는 이미 가치의 12 %를 잃었으며 영국은 2019 년과 2020 년에 가장 성장이 적은 유럽 국가가 될 것입니다.,2
52,"La última pésima noticia ha sido la dimisión, el viernes pasado, del ministro de Transportes, Jo Johnson, autor de esa diatriba entre vasallaje y caos, es decir, entre el sometimiento a las reglas del mercado único sin voz ni voto de Londres (la oferta de May rechazada por todos) o la desastrosa salida sin acuerdo el 29 de marzo. ",El País,,"마지막 남은 최악의 소식은 지난 주 금요일 조 존슨 교통부 장관의 사임이다. 그는 이 예속과 혼돈의 논쟁 즉, 아무런 목소리도, 투표도 없이 단일 시장경제에 예속되거나 (메이 총리의 제안으로 전부 거절 당했다) 3월 29일 노딜 브렉시트로 가느냐의 논쟁을 초래한 장본인이다. ",1,"최악의 소식은 지난 금요일, 교통 장관, 조 존슨 (Jo Johnson)의 사퇴, 즉 매매와 혼돈 사이의 비난 즉, 목소리 나 런던의 투표가없는 단일 시장의 규칙에 대한 제출 사이다. 3 월 29 일에 합의없이 모든 사람이 거부 할 수 있음) 또는 비참한 출발.",3,"지난 금요일, 조 존슨 교통부 장관이 사임한 것은, 가신과 혼돈 사이의 비난, 즉 런던의 목소리 나 투표없이 단일 시장 규칙을 준수하는 것(5월의 모든 제안) 또는 3월 29일의 비참하게 비합의적인 출발 사이의 저자였다.",2
53,"Hermano del también dimisionario Boris y político de gran prestigio y popularidad, Jo Johnson, que votó contra el Brexit, era el encargado de pactar el estratégico acuerdo sobre Transportes, un sector clave para las futuras relaciones del Reino Unido con la UE. ",El País,,역시 사임한 보리스의 동생이자 명예와 명성이 높은 정치인인 조 존슨은 브렉시트에 반대했었고 EU와 영국의 향후 관계의 핵심 분야인 교통에 관한 전략적인 협정을 체결하는 임무를 맡았었다. ,2,부시 대통령과 블레치 총리에게 투표 한 조 존슨 (Jo Johnson) 대통령은 보리스 (Boris)를 사임하고 영국과 EU의 미래 관계를위한 핵심 분야 인 교통에 관한 전략적 협상을 담당했다.,3,또한 사임자인 보리스의 형제이자 유명한 정치인인 조 존슨은 브렉시트에 반대표를 던진 후 EU와의 미래 관계의 핵심 부문인 전략적 교통 협정을 체결하는 임무를 맡았습니다.,1
54,"Su renuncia echa gasolina al incendio declarado en algunas aerolíneas que, alarmadas por el desastre, tratan como apestados a sus accionistas británicos y les amenazan con eliminar sus derechos de voto para demostrar a Bruselas una mayoría de propiedad comunitaria y operar así sin problemas en toda la UE. ",El País,,그의 사임은 몇몇 항공사들에게는 불난 데 부채질하는 격이었다. 그들은 충격적인 소식에 당황하여 자사의 영국 주주들을 적대시했고 그들의 투표권을 빼앗겠다고 위협하여 EU에 자신들의 이 지역에 대한 소유권을 입증하고 차질없이 운항하기 위해서이다. ,1,그들의 사임은 재난으로 경계를당한 일부 항공사들에 의해 선언 된 화재에 휘발유를 붓고 그들의 영국 주주들을 괴롭 히고 브뤼셀에 대다수의 공동체 재산을 보여주고 투표권을 없애겠다고 위협했다. EU,2,그들의 사임은 재난으로 인해 경악하여 영국 주주들의 악취를 풍기는 것으로 취급하고 브뤼셀에 지역 사회 소유권의 다수를 입증하고 EU 전역에서 원활하게 운영할 수 있는 투표권을 제거하겠다고 위협하는 일부 항공사의 화재에 휘발유를 떨어 뜨립니다.,3
55,"Las llamas se observan también en Getlink, gestora del Eurotúnel, por el que anualmente cruzan sin controles fronterizos 1,6 millones de camiones, 2,5 millones de coches y 21 millones de personas. ",El País,,"불꽃은 유로터널 관리 기업인 제트링크에도 튀었다. 매년 트럭 1.6백만 대, 승용차 2.5백만 대와 2,300만 명의 사람들이 이 터널을 통해 심사 없이 국경을 통과한다.   ",1,"Eurotunnel 매니저 인 Getlink에서도 매년 160 만 대의 트럭, 250 만 대의 자동차 및 2 천 1 백만 명의 사람들이 국경 통제없이 교차하고 있습니다. ",2,"화염은 또한 Getlink, Eurotunnel 관리자에서 관찰되며, 매년 160만 대의 트럭, 250만 대의 자동차 및 2 천 1 백만 명의 사람들이 국경 통제없이 횡단합니다.",2
56,"Con destino a las factorías británicas de Toyota, por ejemplo, por ahí pasan a diario suspensiones alemanas, ruedas españolas, tubos de escape holandeses o cinturones de seguridad húngaros.",El País,,"도요타의 영국 공장을 예를 들면, 독일제 완충장치, 스페인제 바퀴, 네덜란드제 배기관, 헝가리제 안전벨트가 매일 들어온다.",1,"예를 들어, 도요타의 영국 공장으로 향하는 곳에서 독일의 서스펜션, 스페인 바퀴, 네덜란드 배기관 또는 헝가리 안전 벨트가 매일 통과합니다. ",1,"예를 들어, 도요타의 영국 공장을 대상으로 독일 정학, 스페인 바퀴, 네덜란드 배기 파이프 또는 헝가리 안전 벨트를 매일 통과합니다.",2
57,Muchos de esos camiones transportan entre 8.000 y 10.000 paquetes de objetos vendidos por comercio electrónico de entrega rápida. ,El País,,이 중 대부분의 트럭들은 전자 상거래에서 익스프레스 배송으로 거래된 8천-1만 개의 물품 상자를 운반한다. ,1,"이 트럭의 대부분은 빠른 배송 전자 상거래로 판매되는 8,000 ~ 10,000 개의 패키지를 운송합니다. ",1,"이 트럭 중 많은 수가 전자 패스트 배달 상거래로 판매되는 8,000 ~ 10,000 개의 품목을 운반합니다.",2
58,"Si el 29 de marzo no hay acuerdo, ¿cuál será el coste y el tiempo perdido en revisiones aduaneras y trámites burocráticos?",El País,,만약 3월 29일에 비준을 받지 못한다면 세관 검사와 관료 절차를 밟는 데 허비될 비용과 시간을 어떻게 할 것인가?,1,3 월 29 일 합의가 없으면 세관 검토 및 관료 절차에서 손실되는 비용과 시간은 어떻게됩니까?,2,"3월 29일에 합의가 없다면, 세관 검토와 관료적 절차에서 비용과 시간은 어떻게 될까?",2
59,"Ante la incapacidad de Londres de gestionar este proceso, el intento de organizar otro referéndum es solo la vía de eludir la elección entre lo malo y lo peor. ",El País,,영국 정부는 이 절차를 통과시지도 못하는 무능함을 보이는 상황에서 제 2 국민투표를 위한 움직임은 나쁜 선택과 최악의 선택 사이에서 선택을 회피하는 수단에 지나지 않는다. ,2,런던이이 과정을 관리 할 능력이 없다는 점을 감안할 때 다른 국민 투표를 조직하려는 시도는 악과 최악의 선택을 피하는 유일한 방법 일뿐입니다. ,3,"이 과정을 관리할 수없는 런던의 무능력에 직면하여, 또 다른 국민 투표를 조직하려는 시도는 나쁜 것과 최악의 것 사이의 선택을 피하는 길일뿐입니다.",1
60,O de ganar tiempo prórroga tras prórroga. ,El País,,혹은 연장의 연장을 거듭하며 시간을 벌기 위해서이거나. ,1,또는 연장 후 시간 연장을이기는 것. ,3,또는 연장 후 연장 시간을 벌 수 있습니다.,2
61,"Es decir, de evitar peores noticias cuando ya se ha cumplido ese teorema adjudicado al poeta estadounidense Allen Ginsberg: ",El País,,"즉, 미국 시인 앨런 긴스버그 이론이 이미 확실해진 상황에서 더 나쁜 소식은 피하는 것 말이다.  ",1,"즉, 미국 시인 앨런 긴스 버그 (Allen Ginsberg)에게 주어진 정리가 이미 성취되었을 때 더 나쁜 소식을 피하기 위해서입니다. ",3,"즉, 미국 시인 알렌 긴스 버그에게 주어진 정리가 이미 성취되었을 때 더 나쁜 소식을 피하는 것 :",2
62,“No puedes ganar. ,El País,,“당신은 이기지 못한다. ,2,"""당신은 이길 수 없습니다. ",1,“이길 수는 없어.,3
63,No puedes empatar. ,El País,,당신은 비기지 못한다. ,1,당신은 묶을 수 없습니다. ,2,묶을 수 없어,2
64,Y tampoco puedes abandonar el juego”. ,El País,,그리고 당신은 게임을 포기하지도 못한다.” ,1,"그리고 게임을 떠날 수도 없다. "" ",2,"그리고 당신은 게임을 포기할 수 없습니다. """,2
65,"O sea, juegas al Brexit.",El País,,그러니까 브렉시트라는 게임에서.,1,"즉, Brexit을 연기합니다.",2,"그러니까, 브렉시트 게임을 하는 거군요",2
66,[HEADLINE] Florida ordena un recuento en las elecciones a gobernador y senador,El País,,플로리다 주지사 및 상원의원 선거 재검표 명령,1,플로리다 주 주지사 선거에 대한 재검 표 명령,3,플로리다는 주지사와 상원 의원 선거에서 재검 표를 명령합니다.,2
67,"[SUB-HEADLINE] Una diferencia de menos del 0,5% de los votos vuelve a convertir al Estado en el epicentro de una polémica disputa legal tras unas elecciones",El País,,선거 후 0.5% 미만의 득표차로 플로리다 주가 법적 분쟁의 중심에 서다.,1,득표율의 0.5 %에도 미치지 못하는 점이 다시 선거 이후 논쟁의 여지가있는 법적 분쟁의 진원지가된다.,2,투표의 0.5 % 미만 차이는 선거 이후 논란이 되고 있는 법적 분쟁의 진원지로 국가를 다시 전환시킨다.,2
68,"Dieciocho años después, Florida vuelve a ser el epicentro de una polémica y reñida disputa de votos. ",El País,,18년 만에 플로리다가 다시 격렬한 투표 분쟁의 진원지가 되었다. ,1,"18 년 후, 플로리다는 다시 논쟁의 여지가 많은 분쟁 투표 대회의 진원지가되었습니다. ",3,"18년 후, 플로리다는 다시 논쟁적이고 치열한 투표 분쟁의 진원지가 되었습니다.",2
69,"Las elecciones del pasado martes a senador y gobernador tendrán que pasar por un recuento automático de los votos debido a la estrecha diferencia de votos entre los candidatos demócratas y republicanos, según decidió la autoridad electoral del Estado este sábado. ",El País,,지난 화요일에 실시된 상원의원 및 주지사 선거에서 민주당과 공화당 후보 간의 미미한 득표차로 전자 재검표를 거치게 될 것이라고 이번 주 토요일 선거관리위원회는 밝혔다. ,1,지난 토요일 상원 의원과 총재 선거는 이번 주 토요일의 선거 결정 권한에 따라 민주당과 공화당 후보들의 투표 차이가 좁아서 자동 투표기를 거쳐야한다. ,3,지난 화요일 상원의원과 주지사 선거는 민주당과 공화당 후보들 사이의 득표 차이로 인해 자동 투표 수를 거쳐야 할 것이라고 주 선거 관리 당국은 이번 토요일 결정했다.,2
70,"Los candidatos republicanos van en cabeza en el recuento, pero la diferencia es de menos del 0,5% de los votos. ",El País,,공화당 후보들이 재검표에서 우위에 있으나 득표차는 불과 0.5%이다. ,1,"공화당 후보들은 그 수위에서 앞서 있지만, 그 차이는 득표 수의 0.5 % 미만이다. ",2,"공화당 후보들은 집계에서 선두를 달리고 있지만, 그 차이는 0.5 % 미만이다.",1
71,"A diferencia de las presidenciales de 2000 que se decidieron judicialmente tras una situación similar en Florida, esta vez no hay problemas con el diseño de las papeletas. ",El País,,과거 플로리다에서 이와 비슷한 상황으로 법정에서 승자가 결정된 2000년 대선과는 달리 이번 선거에서는 투표용지 디자인의 문제는 없다. ,1,플로리다에서 유사한 사태가 발생하여 사 법적으로 결정된 2000 년 대선 때와는 달리 이번에는 투표 용지 설계에 문제가 없다. ,2,플로리다에서 비슷한 상황에 따라 사법 심사를 거친 2000년 대통령들과 달리 이번에는 투표 용지 설계에 문제가 없습니다.,2
72,Pero sí se han repetido las protestas ante las oficinas electorales y el desembarco de abogados en medio de muchos nervios.,El País,,그러나 선관위 사무실 앞에서는 시위가 계속 되었고 긴장이 감도는 상황에서 변호인단이 도착했다.,1,그러나 선거 사무실 앞에서 여러 차례의 항의와 많은 신경들 가운데에서 변호사들의 상륙이 반복되어왔다.,2,그러나 선거 관리국과 변호사 착륙에 대한 항의는 많은 긴장 속에서 반복되었다.,2
73,"La noche del martes, los candidatos republicanos a senador por Florida, Rick Scott, y a gobernador, Ron DeSantis, clamaron victoria aunque oficialmente no se les había proclamado ganador porque quedaban por contar dos condados, de mayoría demócrata. ",El País,,화요일 저녁 플로리다 주 상원에 출마한 릭 스콧 공화당 후보와 주지사에 출마한 론 드샌티스 공화당 후보는 승리를 선언했지만 민주당이 우세한 두 카운티의 표가 아직 반영되지 않았기 때문에 공식적인 승자는 발표되지 않았다. ,1,플로리다 주 상원의 원인 릭 스콧 (Rick Scott) 상원 의원과 론 데 산티 (Ron DeSantis) 주지사는 화요일 밤에 민주당 다수당을 두 군데 보유하고 있기 때문에 공식 승리자가 아니었지만 승리했다고 주장했다.,2,"화요일 밤, 플로리다 주 상원 의원 릭 스콧과 론 데 산티스 주지사의 공화당 후보들은 민주당 다수당 2 개 카운티가 남아 있기 때문에 공식적으로 승자로 선언되지는 않았지만 승리를 주장했다.",2
74,Uno de esos distritos examinó este viernes si algunas papeletas que se habían considerado defectuosas en realidad eran correctas. ,El País,,이 두 자치주 중 한 주는 이번 주 금요일 무효표로 간주되었던 투표용지에 착오가 없었는지 검사했다. ,1,결함이 있다고 여겨지는 투표 용지가 실제로 맞으면 이번 금요일에 해당 지구 중 한 곳을 조사했습니다. ,3,그 지역 중 한 곳은 금요일에 결함이 있는 것으로 간주되는 투표 용지가 실제로 올바른지 여부를 조사했습니다.,2
75,"Desde el martes, se ha ido achicando la diferencia de votos de los republicanos con sus rivales, el actual senador, el demócrata Bill Nelson, y el candidato a gobernador, Andrew Gillum. ",El País,,화요일부터 공화당 후보들과 경쟁자인 현역 상원의원인 빌 넬슨 민주당 후보와 앤드루 길럼 주지사 후보 간의 득표율 격차가 좁혀지고 있다. ,2,"화요일 이후, 라이벌, 현재의 상원의 원인 민주당 원 빌 Nelson 및 주지사, Andrew Gillum 후보자와 가진 공화당 원의 투표 다름은 줄어들고있다.",2,화요일부터 공화당의 투표 차이는 라이벌인 현직 상원 의원인 빌 넬슨과 앤드류 길룸 주지사 후보와 좁혀졌다.,1
76,"El viernes, la ventaja de Scott era de solo el 0,18% de votos y la de DeSantis, del 0,44%.",El País,,"금요일 스콧 후보는 0.18%, 드샌티스 후보는 0.44% 차로 앞섰다.",1,"금요일 Scott의 리드는 0.18 %, DeSantis는 0.44 %에 그쳤다.",2,금요일 Scott의 리드는 0.18 %의 지지율과 0.44 %의 DeSantis의 리드였습니다.,2
77,"Por ley, es obligatorio un recuento electrónico de papeletas si el sábado la diferencia de votos es de menos de 0,5 puntos. ",El País,, 토요일 득표차가 0.5% 포인트 미만일 경우 법적으로 전자 재검표를 의무화하고 있다. ,1,법으로 토요일 투표의 차이가 0.5 점 미만인 경우 전자 투표 수는 필수입니다. ,2,법에 따라 토요일 투표 차이가 0.5 포인트 미만인 경우 전자 투표 수는 의무적입니다.,2
78,"Finalmente, el secretario del Estado (autoridad electoral) de Florida hizo oficial a mediodía del sábado que la diferencia de votos obliga a un recuento automático. ",El País,,결국 플로리다 주 국무장관(선관위)은 토요일 정오에 득표차에 따라 전자 재검표를 실시한다고 공식 발표했다. ,1,"마지막으로, 플로리다 주 (장관) 선거 당국은 토요일에 정오에 투표 결과의 차이가 자동 재계 표를 요구했다고 공식 발표했다. ",2,"마지막으로, 플로리다 주 국무 장관 (선거 당국)은 토요일 정오에 투표 차이로 인해 자동 재검 표가 필요하다고 공식 발표했다.",1
79,Los resultados deben estar listos el próximo jueves por la tarde. ,El País,,결과는 다음 주 목요일 오후까지 결정되어야 한다. ,1,결과는 목요일 오후에 준비해야합니다. ,2,다음 주 목요일 오후에 결과가 준비되어야 한다.,2
80,"Si después de ese recuento la diferencia sigue siendo de menos de 0,25 puntos, se hará otro recuento a mano.",El País,,이번 재검표 후에도 격차가 0.25% 포인트 미만일 경우 수작업 재검표를 실시해야 한다.,1,이 카운트 후에 차이가 여전히 0.25 포인트보다 작 으면 다른 핸드 카운트가 만들어집니다.,3,"그 계산 후에도 그 차이가 0.25 포인트 미만인 경우, 또 다른 수표가 작성됩니다.",2
81,"Paralelamente, la elección ha sido judicializada a través de demandas de los dos aspirantes a senador. ",El País,,이 결정은 두 상원의원 후보의 동일한 요구로 법적 효력이 생겼다. ,2,"병행하여, 선거는 두 명의 야심 찬 상원 의원의 요구를 통해 사법 화되었습니다. ",3,"동시에, 선거는 두 명의 후보 상원 의원의 요구를 통해 사법화되었습니다.",1
82,"Scott, que es el actual gobernador de Florida, y el presidente estadounidense, Donald Trump, han acusado sin pruebas a dos condados, de mayoría demócrata, de cometer fraude. ",El País,,스콧 현 플로리다 주지사와 도널드 트럼프 미 대통령은 민주당이 우세한 두 카운티에서 선거 부정 행위가 있었다며 비난했지만 증거는 제시하지 않았다. ,1,"현재 플로리다 주지사 인 스콧 (Scott)과 도널드 트럼프 (Donald Trump) 미국 대통령은 사기를 저지른 두 군, 대부분 민주당인데도 불구하고 기소했다. ",2,현재 플로리다 주지사인 스콧과 도널드 트럼프 미국 대통령은 민주당 대다수인 두 카운티가 사기를 저질렀다고 증거없이 비난했다.,1
83,"“Es una desgracia”, dijo Trump, quien en las presidenciales de 2016 atribuyó a irregularidades falsas su derrota, en el número total de votos, frente a la demócrata Hillary Clinton.",El País,,2016년 대선에서 힐러리 클린턴 민주당 후보에게 총 득표수에서 밀린 원인을 부정 행위로 돌린 바 있는 트럼프 대통령은 “안타까운 일이다”라고 말했다.,1,"""그것은 불명예 스럽다.” 2016 년 대통령 선거에서 민주당 힐러리 클린턴에 반대하여 총 투표 수에서 거짓 부정에 대한 자신의 패배를 돌린 트럼프는 말했다.",2,트럼프는 2016년 대통령 선거에서 민주당 힐러리 클린턴에 대한 투표 수에서 그의 패배를 거짓 부정 행위로 돌렸다고 말했다.,3
84,Scott logró el viernes que un juez obligara a la autoridad electoral del condado de Broward a entregar toda la información sobre los votos emitidos. ,El País,,스콧이 원하던 대로 금요일 담당 판사는 개표된 모든 투표에 대한 정보를 제출할 것을 브로워드 카운티 선거 당국에 요구했다. ,1,Scott은 지난 금요일에 판사가 Broward 카운티의 선거 권한으로 투표 득표에 대한 모든 정보를 넘겨 줄 것을 요구하면서 성공했습니다. ,2,스콧은 금요일에 판사가 브로워드 카운티의 선거 당국에 투표에 관한 모든 정보를 제공하도록 강요했다.,2
85,"Nelson, su rival demócrata, le acusa de utilizar su potestad como gobernador para sugerir que puede pedir una investigación policial. ",El País,,경쟁자인 넬슨 민주당 후보는 스콧이 주지사의 권한을 이용해 경찰 조사를 요구할 수 있다고 위협했다며 비난했다. ,1,그의 민주당 경쟁자 인 넬슨 (Nelson)은 주지사로 그의 권력을 사용하여 그가 경찰 수사를 요청할 수 있다고 제안했다고 비난했다. ,2,그의 민주당 라이벌인 넬슨은 그가 경찰 조사를 요청할 수 있다고 제안하기 위해 주지사로서의 권한을 사용했다고 비난했다.,2
86,"Las autoridades han dicho no tener pruebas de fraude alguno, aunque ese condado ha estado envuelto en polémicas en el pasado. ",El País,,선관위는 부정의 증거가 전혀 없다고 밝혔지만 이 카운티는 옛날부터 계속 논란이 끊이지 않았다. ,1,당국은 과거에 논란에 휘말린 상태이지만 사기에 대한 증거가 없다고 말했습니다.,2,당국은 과거에이 카운티가 논쟁에 휘말리게되었지만 사기의 증거가 없다고 말했다.,2
87,"En unas elecciones de 2016, eliminó un archivo de papeletas físicas pero mantuvo uno digitalizado.",El País,,2016년 몇몇 선거에서 투표용지함이 제거되었지만 하나가 컴퓨터에 남아 있었다.,3, 2016 년 선거에서 그는 실제 투표 용지 파일을 삭제했지만 하나는 디지털화했습니다.,1,2016년 선거에서 그는 물리적 투표 용지 파일을 삭제했지만 디지털화된 파일을 유지했습니다.,2
88,Tanto Broward como Palm Beach fueron dos condados clave en la disputa tras las elecciones presidenciales de 2000 entre el republicano George W. Bush y el demócrata Al Gore. ,El País,,브로워드와 팜비치 카운티는 모두 2000년 조지 W 부시 공화당 후보와 앨 고어 민주당 후보 간의 대선 경쟁 이후 논란의 핵심이 되어 온 지역이다.  ,1,브로 워드와 팜 비치는 공화당 조지 부시 대통령과 민주당 앨 고어 대통령 간의 2000 년 대선 이후 분쟁의 핵심 카운티였다.,3,Broward와 Palm Beach는 공화당 조지 W. 부시와 민주당 앨 고어 사이의 2000년 대통령 선거 이후 분쟁의 핵심 카운티였습니다.,2
89,Florida acabó determinado quién se hacía con la presidencia. ,El País,,플로리다가 대통령 당선자를 결정하게 된 셈이었다. ,1,플로리다는 누가 대통령직을 맡았는지 결정했다. ,2,플로리다는 누가 대통령직을 맡았는지 결정하게 되었다.,2
90,Bush ganó oficialmente el Estado después de que el Tribunal Supremo paralizara un recuento de votos tras detectarse posibles irregularidades. ,El País,,대법원은 부정 행위가 발견되자 투표 재검표를 무효화하였고 부시 후보가 대선에서 공식적으로 승리했다. ,1,부시 대통령은 대법원이 부작용 가능성을 발견 한 후 득표 수를 마비시킨 이후 공식적으로 국가를 승리로 이끌었다. ,3,부시 대통령은 대법원이 가능한 부정 행위가 발견 된 후 투표 수를 줄인 후 공식적으로 주에서 승리했다.,2
91,"Entonces, ambos condados utilizaban papeletas en las que el votante hacía un agujero dentro de un círculo. ",El País,,당시 이 두 카운티에서는 유권자가 원 안에 구멍을 뚫게 하는 투표용지를 사용했다. ,1,그런 다음 두 카운티는 유권자가 원안에 구멍을 뚫은 투표 용지를 사용했습니다. ,2,그래서 두 카운티 모두 투표 용지를 사용하여 유권자가 원 안에 구멍을 냈습니다.,3
92,Esos formatos se cree que confundieron a muchos votantes y que podrían haberle costado la victoria a Gore.,El País,,이 방식이 많은 유권자들에게 혼란을 주어 앨 고어 후보의 승리를 어렵게 했을 것이라는 추측도 있다.,1,이 포맷은 많은 유권자를 혼란스럽게 만들었으며 Gore에게 승리를 요구할 수 있습니다.,3,이러한 형식은 많은 유권자를 혼란스럽게 만들었으며 Gore에게 승리를 가져다 줄 수 있다고 믿어집니다.,2
93,También se encaminan a recuentos las elecciones a senador por Arizona y a gobernador de Georgia. ,El País,,또한 애리조나 주 상원의원 선거 및 조지아 주지사 선거도 재검표에 들어간다. ,1,애리조나 상원 의원과 조지아 주지사 선거 역시 중요하게 고려된다. ,3,애리조나 주 상원 의원과 조지아 주지사 선거도 재검 표로 진행됩니다.,2
94,"Según los últimos datos, la demócrata Kyrsten Sinema mantiene una mínima ventaja frente a la republicana Martha McSally, que defiende el escaño conservador en Arizona. ",El País,,최근 정보에 따르면 키스텐 시네마 민주당 후보가 애리조나의 보수당 의석을 차지하고 있는 마사 맥샐리 공화당 후보를 상대로 최소한의 우위를 지키고 있다. ,1,최신 데이터에 따르면 민주당의 키스 텐 시네마 (Keithsten Sinema)는 아리조나의 보수당 자리를 지키고있는 공화당의 마사 맥 샐리 (Martha McSally)에 대해 최소한의 우위를 유지하고있다. ,2,최근 자료에 따르면 민주당의 키르 스텐 시네마는 애리조나에서 보수당을 지지하는 공화당의 마사 맥 샐리보다 최소한의 우위를 유지하고 있다.,2
95,Una victoria demócrata en Arizona sería especialmente significativa del calibre de la respuesta contra los republicanos. ,El País,,애리조나 주에서 민주당이 승리하면 공화당에게는 특히나 의미심장한 결과가 될 것이다. ,1,애리조나에서의 민주당 승리는 공화당에 대한 대응의 구상에서 특히 중요 할 것이다. ,2,애리조나에서의 민주당 승리는 공화당에 대한 반응의 구경에서 특히 중요할 것이다.,2
96,Ambas campañas llegaron este viernes a un acuerdo para esclarecer posibles irregularidades en el conteo de votos en zonas rurales.,El País,,금요일 양측은 일부 지방의 검표에서 제기된 부정 행위 의혹을 명확히하기 위한 합의에 도달했다.,1,두 캠페인은 이번 주 금요일 농촌 지역 투표 수의 불규칙성을 분명히하기 위해 합의했습니다.,3,두 캠페인은 이번 금요일 농촌 지역의 투표 수에 대한 가능한 부정 행위를 명확히하기로 합의했다.,2
97,"Mientras en Georgia, la demócrata Stacey Abrams ha prometido tomar acciones legales para garantizar que todos los votos se cuenten correctamente. ",El País,,한편 조지아에서는 스테이시 에이브럼스 민주당 후보가 법적 조치를 취해 모든 표를 올바로 세겠다고 선언했다. ,2,조지아 주에서 민주당의 스테이시 에이 브람스 (Stacey Abrams)는 모든 득표가 올바르게 집계 될 수 있도록 법적 조치를 취할 것을 약속했습니다. ,1,조지아에서 민주당 스테이시 에이브람스는 모든 투표가 올바르게 계산되도록 법적 조치를 취할 것을 약속했습니다.,2
98,"Esas elecciones fueron polémicas desde el primer momento porque el candidato republicano, Brian Kemp, como secretario de Estado de Georgia, es el responsable de gestionar comicios y los demócratas le acusaron de tomar medidas para restringir el voto de la población negra, que iba a ser clave para Abrams, que sería la primera gobernadora afroamericana de EE UU.",El País,,공화당 후보인 브라이언 켐프 조지아 주 국무장관이 선거 관리를 담당하고 있어 이번 선거는 시작부터 논란이 일었다. 민주당은 그가 미국의 첫 흑인 주지사를 노리고 있는 에이브럼스 후보에게 매우 중요한 흑인 표를 제한하기 위해 술수를 쓴다고 비난했다.,1,그 선거는 공화당 출신 후보 인 브라이언 켐프 (Brian Kemp)가 조지아 국무 장관으로 선거 운영에 책임이 있고 민주당이 흑인 인구의 투표를 제한하는 조치를 취했다고 비난했기 때문에 처음부터 논란이 많았다. 미국 최초의 아프리카 계 미국인 총재가 될 아브람에게 열쇠.,3,그 선거는 조지아 주 국무 장관인 브라이언 켐프 공화당 후보가 선거 관리 책임자이며 민주당이 미국 최초의 아프리카계 미국인 주지사가 될 아브람스의 열쇠가 될 흑인 인구의 투표를 제한하기 위한 조치를 취했다고 비난하면서 처음부터 논란의 여지가 있었다.,2
99,"[HEADLINE] Las elecciones legislativas, un referéndum sobre Trump",ABC,,트럼프 대통령에 대한 국민투표인 입법의회 선거,2,"입법 선거, 트럼프에 대한 국민 투표",1,"입법 선거, 트럼프 국민투표",3
100,[SUB-HEADLINE] Los estadounidenses eligen este martes a congresistas y autoridades estatales y locales. ,ABC,,미국 국민들은 이번 화요일 연방 및 지방의 여러 하원의원 및 지도자를 선출한다. ,2,미국인들은 화요일에 국회의원과 주 및 지방 당국을 선택합니다. ,3,미국인들은 이번 화요일에 주 및 지방 의회 의원과 당국을 선출한다.,1
101,[SUB-HEADLINE] Pero los comicios son ante todo un juicio al «trumpismo« que determinará el futuro del presidente,ABC,,"그러나 이번 선거가 무엇보다도 ""트럼프주의""에 대한 심판으로 트럼프의 미래를 좌우할 것이다.",1,"그러나 선거는 무엇보다도 대통령의 미래를 결정할 ""트럼프즘""에 대한 재판이다.",2,그러나 선거는 무엇보다도 대통령의 미래를 결정할 '트럼프주의'에 대한 판단이다.,1
102,"Si esta semana alguien hubiera salido de un coma, podría pensar que despierta en el otoño de 2020 y que Donald Trump se juega su reelección. ",ABC,,이번 주에 누군가 혼수상태에서 깨어났다면 지금이 2020년 가을이고 도널드 트럼프가 재선에 출마했다고 생각할 수 있다. ,3,이번 주 누군가가 혼수 상태에서 벗어났다면 2020 년 가을에 그가 깨어나고 도널드 트럼프 (Donald Trump)가 그의 재선을 노리고 있다고 생각할 것입니다. ,2,이번 주 누군가가 혼수 상태에서 벗어났다면 2020년 가을에 깨어나 도널드 트럼프가 재선에 출마했다고 생각할 수 있습니다.,1
103,"El presidente de EE.UU. no está en las papeletas de las elecciones legislativas de este martes, pero sí lo está su figura y su futuro político. ",ABC,,미 대통령이 이번 주 화요일 입법의회 선거의 투표용지에는 없지만 그의 모습과 그의 정치적 미래는 거기 존재한다.  ,2,미국 대통령 화요일에 입법 선거에 투표하지는 않았지만 그의 인물과 그의 정치적 미래는 있습니다. ,3,"미국 대통령 이번 화요일의 입법 선거 투표에 포함되지는 않았지만, 그의 인물과 정치적 미래는 그렇다.",1
104,"La cita con las urnas es un juicio a su presidencia -formidable para unos, infame para otros, polarizante sin duda-, un referéndum al «trumpismo». ",ABC,,"이번 선거는 (일부에게는 위대하고 일부에게는 악명 높은, 그러나 의심의 여지없이 분열을 조장하는) 트럼프 정부에 대한 심판이자 ""트럼프주의""에 대한 국민투표다. ",1,"투표소와의 약속은 그의 대통령 대행의 재판이다. 다른 사람들에게는 악명이 높으며 의심의 여지없이 ""트럼프즘""에 대한 국민 투표가 실시된다.",2,투표함 인용문은 대통령직에 대한 판단입니다. 일부는 형성되고 다른 사람들은 악명 높으며 양극화되고 의심할 여지없이 '트럼프주의'에 대한 국민 투표입니다.,3
105,"Sus resultados, además, determinarán su capacidad de maniobra en la segunda parte de su mandato y sentarán las bases de la reelección.",ABC,,또한 이번 선거 결과는 그의 남은 임기 운영 능력을 결정 짓고 재선의 토대가 될 전망이다.,1,그들의 결과는 또한 위임장의 두 번째 부분에서 기동성을 결정하고 재선거를위한 기반을 마련 할 것입니다.,3,그 결과는 또한 임기의 두 번째 부분에서 기동 능력을 결정하고 재선의 토대를 마련할 것입니다.,2
106,Todo explica que Trump apenas se haya quitado el traje electoral este otoño. ,ABC,,그러나 트럼프 대통령이 올 가을에도 선거 운동을 전혀 포기할 줄 모른다는 분석이다.  ,1,이번 가을에 트럼프가 그의 선거를 막 제거했다고 모든 것이 설명됩니다.,3,트럼프가 올 가을에 선거복을 거의 벗지 않았다는 것은 모든 것을 설명한다.,2
107,Se ha subido el escenario electoral casi una vez cada dos días. ,ABC,,거의 이틀의 한 번 꼴로 선거 현장이 올라왔다.  ,1,선거 장면은 거의 2 일에 1 번 제기되었습니다. ,2,선거 시나리오는 거의 이틀에 한 번 상승했다.,3
108,"Desde el 6 de septiembre hasta el 6 de noviembre, el día de las elecciones, habrá protagonizado treinta mítines.",ABC,,그는 9월 6일부터 선거날인 11월 6일까지 30회의 집회를 주최했다.,3,선거 당일 9 월 6 일부터 11 월 6 일까지 그는 30 번의 회의를 개최 할 예정이다.,2,"9월 6일부터 11월 6일까지, 선거일에는 30개의 집회가 있을 것이다.",1
109,"«Yo no estoy en las papeletas, pero sí lo estoy, porque esto también es un referéndum sobre mí», dijo recientemente en un mitin en Misisipí. ",ABC,,"""나는 선거용지에 없다. 그러나 나는 거기에 존재할 것이다. 왜냐하면 이 선거 역시 나에 대한 국민투표이기 때문이다."" 라고 그는 최근 미시시피에서 열린 한 집회에서 밝혔다. ",1,"미시시피 주에서의 집회에서 그는 ""나는 투표 용지가 아니지만 나는 국민 투표이기도하다. ",2,"“나는 투표에 있지 않지만, 나는 투표에 있다. 왜냐하면 이것은 또한 나에 대한 국민 투표이기 때문이다.” 그는 최근 미시시피에서 열린 집회에서 말했다.",1
110,"«Pretended que estoy en la votación», pidió a sus seguidores.",ABC,,"""내가 선거에 존재하는 것처럼 행동하라""라고 집회자들에게 요구했다.",1,«내가 투표 한 척해라»그는 추종자들에게 물었다.,2,“내가 투표 중인 척했다.” 그는 추종자들에게 물었다.,2
111,Es una exigencia fácil de cumplir. ,ABC,,들어주기 쉬운 요구이다. ,1,성취하기 쉬운 요구 사항입니다. ,1,그것은 쉽게 충족될 수 있는 요구이다.,2
112,Trump ha monopolizado el discurso político desde que se presentó a la presidencia de EE.UU. en junio de 2015. ,ABC,,트럼프 대통령은 2015년 6월 대통령에 취임한 이래 정치 연설을 독점해 왔다. ,1,트럼프는 미국 대통령직에 출마 한 이후 정치 담론을 독점했다. 2015 년 6 월,2,트럼프는 미국 대통령에 출마한 이후 정치 연설을 독점했다. 2015년 6월에,2
113,"Una vez en la Casa Blanca, quienes confiaban -sobre todo, sus aliados republicanos- en que adoptaría un tono «presidencialista» se han topado con que Trump sigue en campaña de sí mismo. ",ABC,,"한번은 ""대통령제""의 특성대로 행동할 것으로 믿었던 백악관과 자신의 선거운동을 계속하는 트럼프가 충돌했다.  ",2,"백악관에서 한 번 공화당 동맹국 인 공화당 동맹국들에 대해 ""대통령 주의적 입장""을 채택 할 것을 신뢰 한 사람들은 트럼프가 여전히 스스로 선거 운동을하고 있음을 발견했다.",2,백악관에 도착하자 공화당 동맹국들이 트럼프가 여전히 자기 캠페인을 하고 있다는 것을 알게 되었다.,1
114,"Su lenguaje de confrontación, el insulto habitual, las referencias de tono racista y sexista y las filtraciones sobre el caos en la Casa Blanca han copado los medios, que aman odiar al presidente.",ABC,,"적대적인 언어 사용, 의례적인 인신공격성 발언, 인종 차별 및 성 차별적 발언, 백악관의 내부 혼란 유출 등 그의 행동은 대통령을 끌어내리기 좋아하는 언론을 뒤덮었다.",1,"그의 대립 언어, 통상적 인 모욕, 인종 차별주의 및 성 차별주의의 언급, 백악관의 혼돈에 대한 누출이 언론을 점령 해 대통령을 싫어한다.",3,"그의 대결 언어, 평범한 모욕, 인종 차별적이고 성 차별적인 말투, 백악관의 혼란에 대한 누출은 대통령을 싫어하는 언론을 함께 모았습니다.",2
115,"Su figura, además, domina a ambos partidos. ",ABC,,그의 그림자는 또한 정치계도 뒤덮었다.  ,2,그의 인물은 또한 양당을 지배합니다. ,1,게다가 그의 인물은 두 정당을 지배한다.,3
116,"Los apoyos de Trump -con una opinión muy favorable de sus bases- han puesto y quitado candidatos republicanos, que no tienen más remedio que proclamar su adhesión al jefe. ",ABC,,"(자신의 정치적 토대에 매우 긍정적인) 트럼프 대통령의 지지가 공화당 후보들의 출마 여부를 결정했고, 그들은 자신들의 지도자를 지지할 수 밖에 없는 상황이다.  ",1,트럼프의 지원은 공화당 후보들을 두었다. 공화당 후보들은 입후보자의지지를 선언하는 것 외에는 선택의 여지가 없다. ,2,트럼프의지지는 그의 기지에 대한 매우 유리한 견해로 공화당 후보들을 배치하고 제거했다. 공화당 후보들은 그의 상사 가입을 선언할 수밖에 없다.,2
117,El caso más claro es el de Ted Cruz: ,ABC,,테드 크루즈가 그 자명한 예이다. ,1,가장 분명한 사례는 테드 크루즈의 것입니다 : ,2,가장 분명한 사례는 테드 크루즈 입니다.,1
118,como candidato a la presidencia llamó «mentiroso patológico» y «cobarde llorón» a Trump en 2016 y el mes pasado se vio obligado a invitarlo a un mitin para conservar su puesto como senador en Texas. ,ABC,,"그는 2016년 대선 후보였을 때 트럼프를 ""병적인 거짓말쟁이"" 그리고 ""겁쟁이 울보""라고 일컬었으나 지난달에는 텍사스 상원의원 자리를 지키기 위해 집회에 그를 초대해야 했다.  ",1,"대통령 후보로 그는 2016 년에 트럼프에게 ""병적 인 거짓말 쟁이""와 ""겁쟁이 족제비""라고 부르며 지난달 텍사스에서 상원 의원 자격을 유지하기 위해 그를 집회에 초대해야했다.",2,대통령 후보로 2016년 트럼프를 '병리적 거짓말'과 '울부 짖는 겁쟁이'라고 불렀고 지난 달 텍사스에서 상원 의원직을 유지하기 위해 집회에 초청해야했습니다.,2
119,"Los demócratas, por su lado, compiten por demostrar quién es más «anti Trump».",ABC,,"한편 민주당은 누가 더 ""반 트럼프""인지 증명하기 위해 경쟁하고 있다.",1,"반면에 민주당은 누가 더 ""트럼프 반대""인지를 증명하기 위해 경쟁합니다.",1,민주당은 반 트럼프가 누구인지를 증명하기 위해 경쟁하고 있다.,2
120,"Los nombres que aparecen en las papeletas son los de los candidatos al Congreso y cientos de autoridades estatales, desde gobernadores de estados hasta concejales de distrito. ",ABC,,"투표용지에 적힌 이름들은 의회 후보자들과 수백 명의 주지사, 구의원이다. ",1,투표 용지에 표시되는 이름은 의회 후보자와 주 정부 당국에서 지방 공무원에 이르는 수백 개 주 당국의 이름입니다. ,2,투표 용지에 나타나는 이름은 의회 후보자와 주 주지사에서 지구 의원에 이르기까지 수백 개의 주 당국의 이름입니다.,2
121,"La Cámara de Representantes renueva por completo sus 435 miembros, mientras que el Senado elige a un tercio de sus cien legisladores.",ABC,,하원은 435인 전원을 교체하는 한편 상원은 100인 중 1/3을 선출한다.,1,하원은 435 명의 회원을 완전히 갱신하고 상원은 100 명의 입법 원 중 3 분의 1을 선출합니다.,2,하원은 435 명의 위원을 완전히 갱신하고 상원은 100 명의 의원 중 3 분의 1을 선출합니다.,2
122,"En los primeros dos años de presidencia de Trump, las dos cámaras del Congreso tenían mayoría republicana, lo que no ha sido suficiente para que Trump impulsara puntos centrales de su agenda, como el desmantelamiento de la reforma sanitaria de Barack Obama o la financiación del muro con México, la estrella de su campaña.",ABC,,트럼프 대통령의 임기 첫 2년간 의회 내각의 절반은 공화당이었다. 이는 트럼프 대통령이 버락 오바마 대통령의 복지제도를 폐쇄하거나 멕시코 국경 장벽을 설치하는 등 그의 선거운동의 꽃이 되었던 자신의 핵심 의제들을 추진하는 데 충분하지 않은 숫자였다. ,1,"대통령 트럼프의 첫 2 년 동안, 의회의 두 집은 트럼프 충분하지 않은 공화당의 대부분은, 예를 들면 건강 개혁 버락 오바마의 해체 또는 벽 자금으로, 그의 의제의 중심 포인트를 재촉했다 그의 캠페인의 스타 인 멕시코와.",3,트럼프 대통령의 첫 2년 동안 의회의 두 하원은 공화당 다수를 지켰다. 트럼프가 버락 오바마의 건강 개혁 해체 또는 멕시코와의 벽 자금 조달과 같은 의제의 핵심 포인트를 추진하기에 충분하지 않았다.,2
123,"Ahora, todo apunta a que el bloqueo legislativo será mucho mayor tras las legislativas. ",ABC,,이제 입법의회 선거 이후로 법적 훼방이 더 심해질 것이라는 전망이 파다하다. ,2,이제 입법 봉쇄에 대한 모든 내용은 입법 후에 훨씬 커질 것입니다. ,1,이제 입법 봉쇄가 입법 봉쇄보다 훨씬 더 커질 것이라는 것이 모든 목표입니다.,3
124,"Las encuestas dicen que los demócratas recuperarán la Cámara de Representantes, y la duda es cuál será la ventaja final. ",ABC,,여러 여론조사에 의하면 민주당이 하원을 되찾을 것이다. 문제는 결국 누구에게 이득이 될 것이냐이다. ,1,"여론 조사는 민주당 원들이 하원 의원을 되찾을 것이고, 의문점은 최종 우위가 될 것이라고 말했습니다. ",2,"여론조사에 따르면 민주당은 하원을 되찾을 것이며, 궁극적 인 이점이 무엇인지에 대한 의문이 제기됩니다.",1
125,"En el Senado, el vuelco demócrata es mucho más difícil, porque buena parte de los escaños en juego están en territorio favorable para los republicanos. ",ABC,,상원에서는 민주당의 뒤집기가 훨씬 더 어렵다. 왜냐하면 빈 의석이 대부분 공화당 강세 지역이기 때문이다.  ,2,상원 의석에서 민주당 전복은 훨씬 어려워진다. 공화당 의원들 대부분이 공화당의 유리한 영역에 있기 때문이다. ,1,상원에서는 민주당의 전복이 훨씬 더 어렵습니다. 왜냐하면 많은 좌석이 공화당에 유리한 영토에 있기 때문입니다.,2
126,"De hecho, hay posibilidades de que los republicanos refuercen su mayoría, que hoy es mínima (51 senadores conservadores, por 49 demócratas).",ABC,,"아직은 최소 의석 수(보수 상원 51명, 민주당원 49)이지만 현재 공화당이 과반수를 강화할 가능성이 높다. ",1,"실제로, 공화당이 대다수를 강화할 가능성이있다. 공화당은 49 명의 민주당 원에 대해 보수당 의원 (상원 의원 51 명)이 최소한이다.",2,"실제로 공화당이 다수를 강화할 가능성이 있으며, 이는 오늘날 미미한 (49 명의 민주당 원에 의해 51 명의 보수당 상원 의원)이다.",2
127,"Con un resultado así, los demócratas tendrán la posibilidad de torpedear la agenda política de Trump, pero se encontrarán con la patata caliente de qué hacer con uno de los temas que ha protagonizado su presidencia:",ABC,,이 결과대로라면 민주당이 트럼프 대통령의 정치 의제를 방해할 공산이 크다. 하지만 트럼프 정부가 추진하던 사안을 어떻게 처리할지는 뜨거운 감자로 떠오를 것이다.  ,1,이러한 결과로 민주당은 트럼프의 정치적 의제를 어지럽 힐 수있는 가능성을 갖게 될 것입니다. 그러나 대통령 당선자를 이끌었던 문제들 중 무엇을 해야할지에 대한 고구마를 발견 할 것입니다.,2,"이런 결과를 낳으면 민주당은 트럼프의 정치적 의제를 어색하게 만들 수 있지만, 대통령직에 출연한 문제 중 하나에 대해 무엇을 해야할지 열띤 감자를 만날 것입니다.",3
128,"la investigación del supuesto complot de la campaña de Trump con Rusia, cuyos resultados no tardarán en llegar. ",ABC,,그것은 바로 트럼프 선거운동에의 러시아 개입 음모론을 조사하는 것이다. 그 결과는 곧 나올 것이다.  ,1,주장 음모 캠페인 트럼프와의 조사를 그의 결과는 오래 가지 않을 것이다. ,2,트럼프의 러시아 캠페인 음모에 대한 조사는 곧 나올 것이다.,1
129,La Cámara de Representantes es la responsable de impulsar el ‘impeachment’ o juicio político del presidente. ,ABC,,하원은 '탄핵' 혹은 대통령에 대한 정치적 심판 추진을 담당한다. ,1,하원은 대통령 탄핵 또는 탄핵 촉진을 담당합니다. ,3,하원은 대통령의 '임피치먼트'또는 탄핵을 추진할 책임이 있다.,2
130,"Las corrientes más izquierdistas del partido demócrata optarán por ese camino, lo que convertiría la segunda mitad del mandato de Trump en un circo político que estimularía al electorado republicano en defensa de su presidente.",ABC,,민주당의 극좌파 세력들은 이 길을 선택할 것이다. 이는 트럼프 정부의 임기 제2기를 대통령을 지지하는 공화당 유권자를 자극하는 정치적 서커스로 만들 것이다. ,1,민주당의 가장 좌파 전류는 대통령의 방어 공화당 유권자를 자극 할 정치적 서커스에서 트럼프의 위임 하반기을 만들 것이라고 경로를 선택합니다.,3,민주당의 좌파 성향은 트럼프의 임기 후반부를 공화당 유권자들이 대통령을 방어하도록 자극하는 정치 서커스로 전환시키는 길을 택할 것이다.,2
131,Las encuestas -como la historia se ha encargado de mostrar en los últimos años- pueden equivocarse. ,ABC,,(최근 몇 년간 역사가 말했듯이) 여론조사가 틀릴 수도 있다.  ,2,최근 몇 년 사이에 역사가 보여 주듯이 설문 조사는 잘못 될 수 있습니다. ,1,최근 몇 년간 역사의 주인공이었던 여론조사는 잘못될 수 있다.,3
132,"Sobre todo tras un cierre de campaña virulento, agitado por la campaña del miedo desatada por Trump a raíz de la caravana de inmigrantes y por los episodios de violencia -los paquetes bomba a sus enemigos politicos y, sobre todo, la matanza en la sinagoga de Pittsburgh- que parte de la opinión pública relaciona con el mensaje agresivo del presidente. ",ABC,,특히 캐러밴 이민 행렬로 트럼프가 퍼트린 두려움과 폭력을 행사한 일화(선거 경쟁자에 폭탄 가방을 투척했다거나 특히 피츠버그대학살) 등으로 촉발된 공격적인 선거 운동을 뒤에는 말이다. 일부 여론은 대통령의 공격적인 메시지와 연관되어 있다.  ,2,"특히 악의적 인 선거 운동 종료 후, 이민자들의 캐러밴과 폭력 사건의 결과로 트럼프가 쏟아내는 두려움에 대한 캠페인에 동요 됨. - 정치적 원수 폭파, 특히 무엇보다도 시나고그의 학살 피츠버그 - 여론의 일부는 대통령의 공격적인 메시지와 관련이 있습니다.",1,"특히 트럼프가 이민자 캐러밴과 폭력의 에피소드로 인해 촉발된 두려움 캠페인에 의해 격렬하게 폐쇄된 후, 패킷은 정치 적에게 폭탄을 투하하고 무엇보다도 피츠버그 회당에서의 학살은 여론의 일부가 대통령의 공격적인 메시지와 관련이 있습니다.",2
133,Habrá que ver si todo ello está detrás de la alta participación que se anticipa para este martes.,ABC,,이 모든 것이 이번 화요일 선거의 높은 지지율이 의미하는 것인지는 지켜볼 일이다.,1,이 모든 것이 이번 화요일에 예상되는 높은 투표율 뒤에 있는지 확인해야합니다.,2,이번 화요일에 예상되는 높은 참여 뒤에는 이 모든 것이 있는지 확인해야 한다.,3
134,"La popularidad del presidente mejora cuando deja los exabruptos de lado y consigue resultados, como la bajada de impuestas o la confirmación de Brett Kavanaugh como juez del Tribunal Supremo. ",ABC,,그가 분노의 질주를 멈추고 관세를 낮춘다거나 브렛 캐버노를 연방대법원 판사로 내정하는 등의 성과를 보였을 때 대통령 지지율은 상승했다.  ,1,부시 대통령의 인기는 그가 버드 대금을 제쳐두고 떠날 때 개선되고 세금 감면 또는 대법원 판사 브렛 카바 너 (Brett Kavanaugh)의 확인과 같은 결과를 얻는다. ,3,대통령의 인기는 파문을 제쳐두고 부과 된 하향 조정이나 대법원 판사 인 Brett Kavanaugh의 확인과 같은 결과를 얻을 때 향상됩니다.,2
135,"No es el camino elegido por Trump en el final de la campaña, que ha preferido repetir el guión de 2016.",ABC,,2016년의 시나리오를 반복하고 싶겠지만 선거운동의 끝은 트럼프 대통령이 정하는 게 아니다. ,1,캠페인이 끝나면 트럼프가 선택한 경로가 아니며 2016 년 스크립트를 반복하는 것이 좋습니다. ,3,2016년 대본을 반복하는 것을 선호했던 캠페인이 끝날 때 트럼프가 선택한 경로는 아닙니다.,2
136,Nadie le puede negar que entonces funcionó.,ABC,,어쨌든 통했다는 건 아무도 부정할 수 없다.,1,아무도 그 경로가 작동한다고 부인할 수 없습니다.,3,아무도 그 때 효과가 있었다는 것을 부인할 수 없다.,2
137,[HEADLINE] Polémicas elecciones en las regiones separatistas del este de Ucrania,ABC,,우크라이나 동부의 분리주의 지역에서 선거 논란,1,우크라이나 동부 분리주의 지역에서의 논란이 많은 선거,2,우크라이나 동부 분리주의지역의 정치선거,3
138,"[SUB-HEADLINE] La Unión Europea, Estados Unidos y Kiev califican los comicios de «ficticios e ilegítimos»",ABC,,"EU, 미국, 키예프 정부는 ""거짓되고 불법적인"" 선거로 간주하다.",1,"유럽 연합 (EU)과 미국, 키예프는 선거를 ""허구와 불법""이라고 부른다.",2,"유럽 연합, 미국, 키예프는 선거를 '소설과 불법'이라고 부른다.",2
139,"Pese a las críticas y advertencias de la OSCE y la mayor parte de los países de Occidente, las autoridades rebeldes de las repúblicas separatistas del este de Ucrania, Donetsk y Lugansk, se disponen hoy a celebrar «comicios» para elegir a sus respectivos líderes y a los diputados de los llamados «Consejos Populares».",ABC,,"OSCE와 주요 서구 국가들의 비판과 경고에도 불구하고 우크라이나 동부 분리주의 공화국의 반란정부인 도네츠크와 루간스크는 오늘 ""집회""를 열어 양 지역의 소위 ""인민의회"" 지도자와 의원을 선출했다.. ",2,"OSCE와 대부분의 서방 국가에 대한 비판과 경고에도 불구하고 우크라이나 동부 분리주의 반군 당국 인 도네츠크와 루간 스크는 오늘 각자의 지도자를 선출하기 위해 ""선거""를 개최 할 준비를하고있다. 소위 ""인민위원회""의 대리인.",3,OSCE와 대부분의 서방 국가들의 비판과 경고에도 불구하고 우크라이나 동부의 분리주의 공화국인 도네츠크와 루간 스크의 반군 당국은 오늘날 각각의 지도자와 소위 '인민 협의회'의 대리인을 선출하기 위한 '협상'을 개최할 준비가 되어 있습니다.,1
140,La Organización para la Seguridad y la Cooperación en Europa (OSCE) ha sido la última en condenar una decisión que viola los acuerdos de paz de Minsk. ,ABC,,유럽안보협력기구(OSCE)는 민스크 평화협정에 반하는 결정이라고 비난한 마지막 조직이다.  ,1,유럽 ,3,유럽 안보 협력기구 (OSCE)는 민스크 평화 협정을 위반 한 결정을 비난 한 마지막 사람입니다.,2
141,"Estas elecciones han sido también criticadas e incluso calificadas de «ficticias e ilegítimas» por la Unión Europa, EEUU y las autoridades de Kiev. ",ABC,,"또한 이 선거는 EU와 미국, 키예프 정부의 비난을 받았고 ""거짓되고 불법적인"" 선거로 간주되었다.  ",1,"이 선거는 유럽 연합, 미국 및 우크라이나 당국에 의해 ""허구와 사생아""로 비판 받고 심지어 비난을 받아왔다. ",2,"이 선거는 또한 유럽 연합, 미국 및 키예프 당국에 의해 '작동적이고 불법적인'것으로 비난 받고 심지어 비난 받았다.",3
142,"Según Enzo Moavero, presidente de turno de la OSCE y ministro de Exteriores italiano, los comicios en el este de Ucrania «van en contra de la letra y el espíritu de los acuerdos de Minsk».",ABC,,"OSCE 순번의장이자 이탈리아 외무부장관인 엔조 모아베로는 우크라이나 동부의 선거는 ""민스크 협정의 골자와 정신에 위배된다""고 밝혔다.  ",1,"OSCE 의장 겸 이탈리아 외무 장관 인 Enzo Moavero에 따르면 우크라이나 동부의 선거는 ""민스크 협약의 서신과 정신에 어긋난다""고 말했다.",2,OSCE의 수석 위원장이자 이탈리아 외무 장관인 Enzo Moavero에 따르면 우크라이나 동부의 선거는 민스크 협정의 편지와 정신에 반하는 것이다.,2
143,"El presidente ucraniano, Piotr Poroshenko, cree que «Rusia debería haber influido para evitar la celebración de las elecciones y ha hecho lo contrario, demostrando así que no quiere propiciar una solución pacífica». ",ABC,,"페트로 포로셴코 우크라이나 대통령은 ""선거를 막기 위해 러시아가 개입했을 것이고 정반대로 움직여 평화적인 해결책을 원하지 않는다는 입장을 드러낸 것""이라고 밝혔다.  ",2,"우크라이나의 Piotr Poroshenko 대통령은 ""러시아는 선거를 막기 위해 영향을 미쳐야하고, 반대 입장을 취한 것으로 평화적 해결책을 홍보하고 싶지 않다는 것을 보여주고있다""고 믿는다.",2,"우크라이나 대통령 피오트르 포로 첸코는 ""러시아는 선거 개최를 막기 위해 영향을 미쳤어야하며 반대의 행동을 했기 때문에 평화로운 해결책을 제시하기를 원하지 않는다""고 믿는다.",1
144,"Según su opinión, «los resultados de esta convocatoria jamás serán reconocidos por la Comunidad Internacional (...) y provocarán la adopción de nuevas sanciones contra Rusia».",ABC,,"그는 ""이 선거의 결과는 절대 국제사회의 인정을 받지 못할 것이고 (...) 러시아의 새로운 제재를 받아들이는 결과를 초래할 것이다.""라고 밝혔다. ",1,"그의 견해로는 ""이 호의 결과는 국제 사회 (...)에 의해 인정되지 않으며 러시아에 대한 새로운 제재의 채택으로 이어질 것""이라고 말했다.",3,그의 견해로는 '이 소집의 결과는 국제 사회 (...)에 의해 결코 인정되지 않을 것이며 러시아에 대한 새로운 제재의 채택을 초래할 것'이라고 말했다.,2
145,Pero en Moscú piensan de otra manera. ,ABC,,그러나 러시아 정부는 생각이 다르다.  ,1,그러나 모스크바에서 그들은 다르게 생각합니다. ,3,하지만 모스크바에서는 그렇지 않다.,2
146,"El portavoz del Kremlin, Dmitri Peskov, dijo el martes que las elecciones organizadas por los separatistas «no vulneran los acuerdos de paz». ",ABC,,"드미트리 페스코프 크렘린궁 대변인은 분리주의자들의 선거는 ""평화협정을 위반하지 않는다""라고 화요일 밝혔다.  ",1,드미트리 페스 코프 (Dmitri Peskov) 러시아 대변인은 화요일 분리 주의자들에 의해 조직 된 총선은 평화 협정을 위반하지 않는다고 밝혔다. ,3,드미트리 페스코프 크렘린 대변인은 화요일 분리 주의자들이 주최한 선거가 평화 협정을 위반하지 않는다고 말했다.,2
147,"A juicio de Peskov, «quienes demuestran poco deseo de que se aplique lo pactado en Minsk son las autoridades de Kiev».",ABC,,"그는 ""민스크의 합의 사안을 적용하지 않으려는 것은 바로 키예프 정부""라고 밝혔다.",2,"Peskov에 따르면, ""민스크에서 협약을 적용하려는 욕구가 거의없는 사람들은 키예프 당국이다.""",1,페스 코프의 견해로는 '민스크에서 합의한 것이 시행되기를 바라는 사람은 키예프 당국이다'.,2
148,"Lo firmado en Minsk, el 12 de febrero de 2015, contempla la devolución a Ucrania del control de la frontera con Rusia, en los tramos que corresponden a Donetsk y Lugansk, y la celebración en ambos territorios de elecciones realmente libres y democráticas con arreglo a la legislación ucraniana. ",ABC,,2015년 2월 12일 채택된 민스크협정은 도네츠크와 루간스크 지역의 러시아와 접한 국경의 통제권을 우크라이나에 반환할 것과 이 두 지역에서 우크라이나 법에 따라 자유롭고 민주적인 지방 선거를 실시할 것에 대한 내용을 담고 있다.   ,2,2015 년 2 월 12 일 민스크에서 서명 한이 협정은 도네츠크와 루 간츠크에 해당하는 부분에서 러시아와의 국경 통제에 대한 우크라이나로의 회귀와 그에 따른 자유와 민주주의 선거의 두 영역 모두에서의 축하를 고찰한다. 우크라이나 입법.,2,2015년 2월 12일 민스크에서 서명한 것은 도네츠크와 루간 스크의 국경에서 러시아와의 국경 통제를 우크라이나로 반환하고 우크라이나 법에 따라 진정으로 자유롭고 민주적인 선거 영토를 개최하는 것을 포함합니다.,1
149,"A cambio, Kiev debe conceder a los dos enclaves un sistema de autogobierno. ",ABC,,그 대가로 키예프 정부는 이 두 지역에 자치정부제도를 부여해야 한다. ,1,그 대가로 키에프는 두 영토를 자치 체제로 만들어야합니다. ,2,그 대가로 키예프는 두 영토에 자치 제도를 부여해야 한다.,2
150,Pero la desconfianza mutua mantiene el proceso en punto muerto mientras los enfrentamientos armados se suceden de forma esporádica.,ABC,,그러나 상호간의 불신으로 절차가 진행되지 않고 있고 군사 대치는 산발적으로 진행되고 있다.,1,그러나 상호 불신은 무력 충돌이 산발적으로 발생하는 동안 중립적 인 과정을 유지합니다.,2,그러나 상호 불신은 무력 충돌이 산발적으로 일어나는 동안 프로세스를 교착 상태로 유지합니다.,3
151,"El «presidente» en funciones de Donetsk y favorito para obtener la mayoría de los votos, Denís Pushilin, explicó a comienzo de mes que la república «necesita celebrar estas elecciones» para dotarse de líder y asamblea local. ",ABC,,"도네츠크 ""대통령"" 대행이자 과반수 득표로 당선된 데니스 푸실린은 도네츠크 공화국이 이 지역의 지도자와 의회를 수립하기 위해 ""이 선거를 실시해야 한다""고  이달 초 밝혔다.  ",1,"도네츠크의 대통령과 대다수의 투표를 얻으려는 데니스 푸 스틸 린 (Denis Pushilin)은 이달 초 공화당이 ""선거를 개최해야한다""고 설명하면서 지도자와 지방 의회가되었다.",2,도네츠크의 대통령직과 과반수 득표에 가장 좋아하는 데니 푸실린 대통령은 이달 초 공화국이 지도자와 지방 의회를 갖기 위해 '이 선거를 개최해야 한다'고 설명했다.,3
152,"Prometió que transcurrirán «de forma transparente y cumpliendo todos los estándares internacionales», algo que no se cree nadie salvo Moscú. ",ABC,,"그는 ""투명하고 국제 기준을 모두 준수하는"" 선거를 실시하겠다고 약속했다. 러시아 정부를 제외하고는 아무도 믿지 않는 것이다. ",2,그는 투명한 방식으로 모든 국제 표준을 준수 할 것이라고 약속했다. 모스코바 만 믿는 사람은 없다. ,3,그는 모스크바 이외의 누구도 믿지 않는 '모든 국제 표준에 투명하고 준수하는'일을 약속했습니다.,1
153,"El jefe de los Servicios de Seguridad de Ucrania (SBU), Vasili Gritsak, sostiene que las actas con los resultados de los comicios «ya están confeccionadas».",ABC,,"우크라이나 보안 당국(SBU)의 바실리 그리착 국장은 선거 결과가 담긴 문서가 이미 ""작성되어 있다""고 주장했다. ",2,우크라이나 보안 서비스 총괄 책임자 인 바실리 그 리삭 (Vasili Gritsak)은 선거 결과에 대한 회의록은 이미 준비가되어 있다고 주장했다.,1,우크라이나 보안 서비스 (SBU)의 바실리 그리삭 책임자는 선거 결과가 담긴 기록이 이미 작성되었다고 주장한다.,2
154,"El pasado agosto, fue asesinado en un atentado todavía sin esclarecer el que había sido jefe de la autoproclamada República Popular de Donetsk (DNR) durante casi cuatro años, Alexánder Zajárchenko.",ABC,,지난 8월 의문의 공격으로 살해된 알렉산더 자카르첸코 거의 4년간 자칭 도네츠크 인민공화국을 집권한 지도자였다. 여전히 명확히 밝혀지지 않았다. ,2,"지난 8 월, 알렉산더 자 자르 첸코 (Alexander Zajárchenko)는 자신이 주장한 도네 치크 인민 공화국 (Donetsk People 's Republic, DNR)의 머리로 4 년 가까이 머물렀다는 점을 아직도 분명히 모르는 공격에서 암살 당했다.",3,"지난 8월, 그는 거의 4년 동안 자칭 도네츠크 인민공화국(DNR)의 수장이었던 알렉산더 자자르첸코의 명확하지 않은 공격으로 사망했다.",1
155,Pushilin se puso entonces al frente de la DNR de forma interina.,ABC,,이에 따라 푸실린이 권한 대행으로 도네츠크 인민공화국의 지도자가 되었다.  ,1,Pushilin은 잠정적으로 DNR을 담당하게됩니다.,2,푸실린은 DNR의 선두에 임시로 서 있었다.,3
156,"En la vecina también autoproclamada República Popular de Lugansk (LNR) se celebran igualmente elecciones y el que parte con ventaja es el que desempeña interinamente el cargo de máximo dirigente, Leonid Pasechnik. ",ABC,,이웃한 지역인 자칭 루간스크 인민공화국도 동일하게 선거를 실시한다. 최고 지도자의 권한 대행인 레오니드 파세츠니크가 우승 후보이다.  ,1,이웃 국가들에서도 스스로 자칭 된 LUMR (Lugansk Republic of Lugansk) 선거도 개최되며 유리한 방향으로 이끌어가는 당은 일시적으로 최고 지도자 인 Leonid Pasechnik의 입장을 취하고있다.,2,"또한 자칭 루간 스크 인민 공화국 (LNR)에서도 선거가 열리고, 가장 높은 지도자 인 Leonid Pasechnik이 임시로 승리합니다.",2
157,"Sustituyó hace justo un año a Ígor Plotnitski, que fue desplazado por un oscuro golpe de mano.",ABC,,정확히 일년 전 급습으로 물러난 이고르 플로트니츠키에서 교체됐다.,1,"그는 불과 1 년 전에 이고르 플롯 니츠키 (Igor Plotnitski)를 대신했고, 그는 어두운 손으로 타격을 입었습니다.",2,그는 불과 1년 전에 이고르 플롯 니츠 키를 대신했다. 그는 어두운 손 스트로크에 의해 옮겨졌다.,3
158,"Donetsk y Lugansk se levantaron en armas contra el Gobierno ucraniano en abril de 2014, un mes después de que Rusia se anexionara Crimea. ",ABC,,도네츠크과 루간스크 주는 2014년 4월 우크라이나 정부군을 상대로 무력 시위를 했다. 이는 러시아가 크림반도를 합병하고 한달 뒤였다. ,1,도네츠크와 루간 스크는 러시아가 크림을 합병 한 지 한 달 후인 2014 년 4 월에 우크라이나 정부에 대항하여 무기를 들었다. ,2,도네츠크와 루간 스크는 러시아가 크림을 합병한 지한 달 후인 2014년 4월 우크라이나 정부에 대항하여 무기를 들고 일어났다.,2
159,"Estalló entonces una guerra que Moscú atizó enviando armas, dinero y hombres en apoyo de los separatistas. ",ABC,,"그래서 전쟁이 촉발했고 러시아는 분리주의자들을 지원하기 위해 무기와 자금, 병력을 파견하여 싸웠다.  ",2,"모스크바는 분리 주의자들을 지원하기 위해 무기와 돈, 그리고 사람들을 보냄으로써 전쟁을 일으켰다. ",1,"모스크바가 분리 주의자들을 지원하기 위해 무기, 돈 및 사람들을 파견함으로써 촉발된 전쟁이 일어났습니다.",3
160,"Desde entonces, según la ONU, el conflicto ha acabado con la vida de 10.000 personas. ",ABC,,그때부터 이 충돌로 만 명이 목숨을 잃었다고 UN은 밝혔다. ,1,그 이후 유엔에 따르면 분쟁으로 1 만 명이 사망했다. ,2,"그 이후로 유엔에 따르면, 그 갈등은 10,000명의 목숨을 앗아갔다.",2
161,"Los acuerdos de Minsk, alcanzados bajo la mediación de Alemania y Francia, fueron un intento, por ahora fallido, de poner fin definitivamente al enfrentamiento armado entre el Ejército ucraniano y las milicias rebeldes.",ABC,,독일과 프랑스의 중재로 이루어진 민스크협정은 우크라이나 정부군과 반란군의 무력 충돌을 완전 종결하려 했으나 현재는 실패한 시도였다. ,1,독일과 프랑스의 중재 아래 도달 된 민스크 합의는 우크라이나 군과 반군 민병대 간의 무장 한 대립을 결정적으로 끝내려는 시도였다.,2,독일과 프랑스의 중재하에 체결된 민스크 협정은 우크라이나 군대와 반군 민병대 간의 무장 대결을 종식시키기 위한 시도 였지만 지금까지는 실패했다.,2
162,[HEADLINE] Misión 2019: evitar que los euroescépticos utilicen fondos europeos para boicotear la UE,ABC,,미션 2019: EU 회의론자들이 유럽 자금으로 EU를 방해하는 것을 막자 ,1,미션 2019 : EU의 불매 운동에 유럽의 기금 사용을 금지,2,Mission 2019 : Eurosceptics가 EU 보이콧을 위해 유럽 기금을 사용하지 못하도록 막습니다.,3
163,"[SUB-HEADLINE] Pese a que las instituciones de la UE han reforzado sus mecanismos de control de cuentas, partidos euroescépticos y sus fundaciones han decidido explotar las oportunidades europeas en lugar de renunciar a todo lo relacionado con la Unión",ABC,,EU 기관들이 제어 기제를 강화했으나 여러 유럽회의주의 정당과 그 기관들이 EU와 관련된 모든 사안을 거부하기 보다 이 기회를 노리기로 작정했다.,1,EU기구가 통제 메커니즘을 강화했다는 사실에도 불구하고 Eurosceptic 당사자와 그들의 재단은 EU와 관련된 모든 것을 포기하는 대신 유럽의 기회를 이용하기로 결정했다.,2,EU 기관들이 회계 통제 메커니즘을 강화 했음에도 불구하고 유로 회의론자들과 그 재단들은 연합과 관련된 모든 것을 포기하기보다는 유럽의 기회를 이용하기로 결정했다.,1
164,"El último Eurobarómetro, publicado el miércoles 17 de octubre, muestra un aumento del europeísmo incluso en Reino Unido, donde los partidarios de seguir en la UE superaban a los del Brexit. ",ABC,,최근 10월 17일 수요일에 출간된 유로바로미터 조사는 유럽통합주의의 강세를 보여줬다. EU 잔존을 주장하는 정당이 브렉시트를 주장하는 당을 이긴 영국도 포함되었다.  ,1,10 월 17 일 수요일에 발표 된 마지막 유로 로바 미터 (Eurobarometer)는 영국에서도 유럽 연합의 지지자들이 Brexit의 그것들을 능가하는 유럽주의의 증가를 보여준다. ,2,10월 17일 수요일에 발표된 마지막 유로 기압계는 EU에서의 지지자들이 브렉시트보다 앞서있는 영국에서도 유럽주의의 증가를 보여줍니다.,2
165,"Sin embargo, cuando se acaban de cumplir 25 años de la entrada en vigor del Tratado de Maastricht que diseñó la actual Unión y su moneda única, el euro, la UE se enfrenta a uno de los mayores desafíos de su historia en las próximas Elecciones Europeas: ",ABC,,그러나 현재의 EU와 유로화를 설계한 마스트리히트 조약이 발효 25주년을 맞이하자 EU는 차기 유럽 선거에서 역사상 가장 큰 위기에 봉착했다.  ,2,그러나 현재 연합에 의해 설계된 마스 트리 히트 조약 발효 25 주년과 유럽 단일 통화 인 유럽이 방금 만났을 때 EU는 다가오는 유럽 선거에서 역사상 가장 큰 도전 중 하나에 직면 해있다. :,3,"그러나 현재 연합과 단일 통화인 유로화를 설계한 마스 트리 히트 조약의 발효 25 년이 지난 지금, EU는 다가오는 유럽 선거에서 역사상 가장 큰 도전 중 하나에 직면 해있다.",1
166,"por primera vez se espera que los tradicionales bloques centroizquierda y centroderecha europeístas caigan por debajo del 50% y algunas encuestadoras estiman que en torno a un tercio de los escaños serán ocupados por partidos nacional-populistas, que tratan de torpedear desde dentro los valores europeístas y que paradójicamente se han aprovechado de fondos de la Unión para impulsar sus finanzas.",ABC,,처음으로 유서깊은 중도좌파와 중도우파 유럽통합주의 연대가 50%이하로 떨어질 전망이고 일부 여론조사에서는 국민당과 포풀리즘 정당의 의석의 1/3을 차지할 것으로 보고 있다. 이들은 유럽통합주의를 내부에서 분열시키려 하면서도 역설적으로 EU 기금을 사용하여 자금을 충당하고 있다. ,1,처음으로 전통적인 중도 좌파와 중도 좌파의 유럽 연합 블록은 50 % 이하로 떨어질 것으로 예상되며 여론 조사원들은 유럽과 유럽의 가치관을 어지럽히도록 노력하는 국민 강대국당이 3 분의 1의 좌석을 차지할 것으로 추정하고있다. 역설적이게도 그들은 유니언 기금을 이용하여 재정을 강화했습니다.,2,유럽 중앙 좌파와 중도 우파의 전통적인 블록이 50 % 이하로 떨어질 것으로 예상되며 일부 여론 조사관은 유럽 연합 기금에서 역설적으로 자금을 조달한 유럽 가치 내에서 어뢰를 시도하는 국민 - 인민당이 약 3 분의 1을 차지할 것이라고 추정한다. 재정을 늘리기 위해.,2
167,"A lo largo de la última década, las instituciones de la UE han reforzado sus anticuerpos para enfrentarse a prácticas abusivas con dinero europeo. ",ABC,,최근 10년간 EU의 여러 기관들이 유럽 자금을 남용하는 관행을 깨기 위해 힘을 키워 왔다.  ,1,지난 10 년 동안 유럽 연합 기관들은 유럽의 돈으로 학대적인 관행을 다루기 위해 항체를 강화했습니다. ,2,지난 10년 동안 EU 기관은 유럽 돈으로 학대하는 관행에 대처하기 위해 항체를 강화했습니다.,3
168,"Aun así, los partidos euroescépticos y las fundaciones políticas han decidido explotar las oportunidades europeas en lugar de boicotear todo lo relacionado con la Unión. ",ABC,,여전히 유로회의론자들과 정당들은 EU와 관련된 모든 사안에 보이콧하기 보다는 이 기회를 노리기로 결정한 것이다. ,2,그럼에도 불구하고 Eurosceptic 정당과 정치 기반은 EU와 관련된 모든 것을 보이콧하는 대신 유럽의 기회를 이용하기로 결정했습니다.,1,그럼에도 불구하고 유로 회의론자들과 정치 재단들은 연합과 관련된 모든 것을 보이콧하기보다는 유럽의 기회를 이용하기로 결정했다.,2
169,"El portavoz del Parlamento Europeo, Jaume Duch, también trata de lidiar con el auge de los partidos populistas y euroescépticos: ",ABC,,자우메 두치 EU 대변인도 포풀리즘과 유로회의주의 정당이 생기는 것을 막기 위해 노력했다.  ,1,유럽 의회 (Jaume Duch)의 유럽 대륙 의회의 대변인은 또한 대중 주의자와 유로 지성인들의 부상에 대처하기 위해 노력한다.,2,유럽 의회 대변인인 Jaume Duch는 또한 대중 주의자와 유로 회의론자들의 호황을 다루려고 노력하고 있다.,2
170,"«No se trata de dar a ciertos países una cantidad determinada de dinero, sino saber en qué políticas invertir. ",ABC,,"""어떤 정치에 투자할지도 모른 채 특정 국가에 막대한 돈을 퍼주려는 게 아니다. ",1,"""특정 국가에 특정 금액을 제공하는 것이 아니라 투자 할 정책을 알고있는 것입니다.",2,“특정 국가에 일정 금액의 돈을 주는 것이 아니라 어떤 정책에 투자할지 아는 문제입니다.,3
171,"El Eurobarómetro dice que los temas más importantes son el empleo, el crecimiento económico, la gestión de la migración, el cambio climático, medio ambiente y protección social», afirma a ABC. ",ABC,,"유로바로미터에 따르면 중요한 사안은 바로 고용, 경제 성장, 이민 정책, 기후변화, 환경, 사회 안보와 같은 것들이다.""라고 ABC를 통해 밝혔다. ",1,"유로 바로 메타는 가장 중요한 문제는 고용, 경제 성장, 이주 관리, 기후 변화, 환경 및 사회 보호라고 말했습니다. ",3,"Eurobarometer는 고용, 경제 성장, 이주 관리, 기후 변화, 환경 및 사회 보호가 가장 중요한 문제라고 ABC는 말합니다.",2
172,"El problema, según el portavoz de la UE, es que para satisfacer estas necesidades los Estados miembros deberían asumir una contribución mayor, pero los países no están dispuestos a gastar más dinero en el presupuesto común una vez que el Brexit se consuma y aleje a la Unión de un contribuyente fundamental como Reino Unido. ",ABC,,EU 대변인에 따르면 문제는 이 사안을 해결하기 위해서는 정부 부처가 막대한 기부를 해야 한다. 그러나 브렉시트가 성사되고 영국과 같은 거대 납세자가 EU에서 나가면 국가는 예산에 돈을 더 쏟아부을 의향이 없다.  ,1,EU 대변인에 따르면이 문제는 회원국들이 더 큰 기여를해야한다는 요구를 충족시키지 못하지만 Brexit이 완성되고 유럽 연합에서 벗어나면 국가들은 공통 예산에 더 많은 돈을 쓰려고하지 않는다. 영국과 같은 근본적인 납세자 연합.,3,EU 대변인에 따르면 문제는 이러한 요구를 충족시키기 위해 회원국이 더 큰 기여를 해야하지만 브렉시트가 영국과 같은 주요 납세자로부터 연합을 제거하고 떠나면 국가들은 공통 예산에 더 많은 돈을 쓸 준비가 되어 있지 않다는 것이다.,2
173,"«Pero el populismo no puede ser la solución a estos problemas», advierte.",ABC,,"그는 ""그러나 포풀리즘이 이 문제에 해결책이 될 순 없다"" 라고 밝혔다. ",1,"""그러나 포퓰리즘은 이러한 문제에 대한 해결책이 될 수 없다""고 그는 경고했다.",1,“하지만 포퓰리즘은 이러한 문제에 대한 해결책이 될 수 없다.”.,2
174,"Desde el lleno de Vistalegre, el partido español VOX, inspirado en los consejos del exasesor de Donald Trump Steve Bannon y el éxito del antiguo Frente Nacional en Francia o la Liga en Italia, aspira a conseguir representación en el Parlamento Europeo gracias a la circunscripción electoral única, lo que supondría un notable estímulo tanto a nivel de exposición pública como para sus finanzas, tal como hizo Podemos en 2014.",ABC,,도널드 트럼프 대통령의 전 고문이었던 스티브 배넌의 조언과 프랑스의 구 인민전선 혹은 이탈리아의 라 리가의 성공에 영감을 받았고 비스탈레그레에 위치한 스페인의 VOX당은 유일 선거구 덕분에 EU 의회에 출마하길 희망하고 있다. 이는 대중에 모습을 드러내고 자금을 확충하는데 좋은 기회가 될 것이다.2014년에 포데모스가 했듯이 말이다. ,1,전직 도널드 트럼프 컨설턴트 인 스티브 반넌 (Steve Bannon)의 충고와 프랑스의 국가 전선 (National Front) 또는 이탈리아 리그의 성공에 힘 입어 Vistalegre (Vistalegre)가 가득한 이래로 VOX는 선거구 선거구 덕분에 유럽 의회에서 재판을받는 것을 목표로합니다. Podemos가 2014 년에했던 것처럼 공개 노출 수준과 재정 측면에서 중요한 자극이 될 것입니다.,3,도널드 트럼프 전임 고문 스티브 배넌의 조언과 프랑스 또는 이탈리아 리그의 전 내셔널 프론트의 성공에 영감을 얻은 스페인 VOX 당은 단일 선거구 덕분에 유럽 의회에서 대표성을 얻고자합니다. 이는 2014년 Podemos와 마찬가지로 공개 노출 수준과 재정 모두에서 주목할만한 자극이 될 것입니다.,2
175,"«Es curioso ver cómo algunos partidos antieuropeos cuando entran en el Gobierno moderan su lenguaje, pero en otros países ocurre todo lo contrario: ",ABC,,"""반유럽주의 정당들이 정부에 들어오면 품격있는 언어를 사용하게 되는 게 신기하다. 그러나 다른 나라에서는 정반대 상황이 벌어진다. ",3,«반유럽 정당이 정부에 들어갈 때 자신들의 언어를 온건하게 비판하는 방법을 알고 싶지만 다른 국가에서는 그 반대가 발생합니다.,2,"""정부에 가입할 때 반 유럽 정당이 어떻게 그들의 언어를 완화하는지 보는 것은 흥미 롭지만 다른 나라에서는 그 반대가 발생합니다.",1
176,"Italia, Hungría y Polonia son diferentes», considera Paul Schmidt, editor del capítulo austriaco del libro «El futuro de Europa - visiones desde las capitales», presentado en el Real Instituto Elcano.",ABC,,"이탈리아, 헝가리, 폴란드는 다른다.""라고 스페인왕립연구원에서 소개된 책 '유럽의 미래: 자본에서 본 비전'의 오스트리아 챕터 담당 편집자인 폴 슈미트는 밝혔다. ",2,"이탈리아, 헝가리, 폴란드는 다르다 ""고 Elcano Royal Institute에서 발표 한""유럽의 미래 - 수도의 전망 ""이라는 오스트리아 지부 편집장 Paul Schmidt가 고려한다.",1,"이탈리아, 헝가리, 폴란드는 다르다. ""라고 Royal Elcan Institute에서 발표된 '유럽의 미래 - 수도의 비전'이라는 책의 오스트리아 장 편집자인 Paul Schmidt는 생각한다.",2
177,"Aunque esos partidos van a ser más influyentes, el responsable del apartado español del mismo título, Ignacio Molina (Real Instituto Elcano), cree que será más difícil articular una posición común. ",ABC,,이 정당들의 영향력이 더 클 것이지만 공동의 입장을 조율하는 것이 더 힘들다 생각한다고 본 저서의 스페인 챕터 담당인 이그나시오 몰리나(스페인왕립연구원)은 밝혔다.  ,1,"비록 그 당사자들이 더 영향력이 있지만, 같은 제목의 스페인어 부문 책임자 인 Ignacio Molina (Real Instituto Elcano)는 공동의 입장을 분명히하기가 더 어려울 것이라고 믿는다.",2,"이 정당들이 더 영향력이 있을지라도, 같은 제목의 스페인 하위 단락인 이그나시오 몰리나(Real Instituto Elcano)는 공통의 입장을 분명히 하기가 더 어려울 것이라고 믿는다.",2
178,"«No existe un solo partido euroescéptico, existen veintitantos, cada uno con su sensibilidad. ",ABC,,"""유로회의주의 정당이 하나가 아니라 스물 몇 개가 존재하고 각각 이념이 다르다. ",1,"""유로 이탈리즘 당이 하나도 없으며, 감성이있는 스무 명의 사람들이 있습니다. ",2,"“유로 회의론자 정당은 하나도 없고, 20명이 있으며, 각각은 민감합니다.",3
179,"De forma divertida, el partido más euroescéptico extremista húngaro es antieslovaco y el eslovaco, antihúngaro; ",ABC,,재밌게도 헝가리의 과격 유로회의주의 정당은 반슬로바키아 성향이고 슬로바키아 정당은 반헝가리 성향이다.  ,1,"재미있는 방법으로, 대부분의 Eurosceptic 극단적 인 헝가리 당은 반대로 슬로바키아어이고 반대로 헝가리 인 슬로바키아어이다; ",2,"재미있는 방식으로, 헝가리 극단 주의자 유로 회의론 당은 반 슬로바키아와 슬로바키아, 반 헝가리이다.",3
180,"no va a ser tan sencillo ponerlos en común», agrega.",ABC,,"이들을 규합하는 게 쉽지는 않을 것이다""라고 덧붙였다.",1,"공통점을 두는 것은 그렇게 쉬운 일이 아닙니다. ""라고 그는 덧붙입니다.",2,"""그것들을 공통으로 두는 것은 그리 간단하지 않을 것입니다.""라고 그는 덧붙입니다.",2
181,"En términos de ingresos fijos, cada eurodiputado recibe un salario de alrededor de 6.600 euros netos al mes, 4.400 para gastos de oficina sin justificar y alrededor de 24.000 para asesores.",ABC,,"고정 수입 측면에서 각 EU 의원들은 세금을 공제하고 약 월 6,600유로의 급여와 증빙이 필요 없는 사무 경비 4,400유로, 자문비 24,000유로를 받는다.",1,"고정 수입 측면에서, 각 MEP는 월 6,600 유로의 순이익을, 정당화되지 않은 사무 경비는 4,400, 고문은 약 24,000의 급여를받습니다. ",2,"고정 소득 측면에서 각 MEP는한 달에 약 6,600 유로의 순 급여를 받고, 사무실 지출은 4,400 유로, 고문은 약 24,000 유로를받습니다.",2
182,"Además, cada parlamentario tiene ingresos mensuales variables (viajes por día) y una pensión de jubilación del 3.5% del salario por un año completo. ",ABC,,게다가 각 의원들의 월 수입이 다 다르고(하루당 여행 경비) 연봉의 3.5%를 퇴직 연금으로 받는다. ,1,또한 각 국회의원마다 월별 소득 (일별 출장)이 다양하고 연중 연봉의 3.5 %에 달하는 퇴직 연금이 있습니다. ,1,또한 각 국회의원은 다양한 월 소득 (하루 여행)과 1 년 임금의 3.5 %의 퇴직 연금을 보유하고 있습니다.,3
183,«El problema real es cómo controlar este dinero: ,ABC,,"""진짜 문제는 이 돈을 어떻게 관리하는냐이다. ",1,"""진짜 문제는이 돈을 제어하는 ",1,“실제 문제는 이 돈을 어떻게 통제해야 하는가이다.,2
184,"si no va a la sesión plenaria, debería tener menos dinero: ",ABC,,만약 총회에 가지 않는다면 수입이 더 적을 것이다.  ,2,본회의에 참석하지 않으면 적은 돈을 벌 수 있습니다 :,1,본회의에 가지 않으면 돈을 덜 가져야 합니다.,2
185,"si asiste a menos del 51% de los votos en las sesiones plenarias, obtendrá la mitad del recorte salarial. ",ABC,,총회 선거 중 51%이하로 참석하면 감축된 급여의 절반을 받을 수 있다. ,2,본회의에서 51 % 미만의 표결에 출석하면 급여 삭감의 절반을 받게됩니다.,2,본회의에서 51% 미만의 표를 얻으면 임금 삭감의 절반을 받게 된다.,1
186,"Luego está la partida pensada para gastos de la oficina, como una nueva impresora o iPad, pero que carece de control. ",ABC,,그리고 남은 건 새 프린터나 아이패드 같은 증빙이 안된 사무 경비가 포함된 급여이다.  ,2,그런 다음 새로운 프린터 나 iPad 같은 사무 비용을 위해 고안된 게임이 있지만 통제가 없습니다. ,2,그런 다음 새로운 프린터 또는 iPad와 같은 사무실 지출을 위한 조항이 있지만 제어가 부족합니다.,1
187,"Eurodiputados de los verdes y socialdemócratas dicen exactamente «pagué 200 euros por un traje», pero no están obligados a hacerlo. ",ABC,,"녹색당과 사회민주당 EU 의원들은 정확히 ""옷 200유로 지출""이라고 말하지만 딱히 쓸 필요는 없다. ",2,"녹색당과 사회 민주당 원들의 MEP들은 정확하게 ""나는 200 유로를 지불했다""고 말하지만 그렇게 할 의무는 없다. ",3,녹색과 사회 민주당의 MEP는 정확히 '나는 양복을 위해 200 유로를 지불했다'고 말하지만 그렇게할 의무가 없다.,1
188,"Además, hay muchas personas poderosas de fuera de Europa que financian dando enormes subvenciones a estos partidos y tenemos que evitarlo», dicen fuentes del Parlamento Europeo a ABC.",ABC,,"또한 유럽 외부의 큰 손들이 이 정당에 막대한 보조금을 지원하는데 우리는 이걸 막아야 한다.""라고 한 EU 의회 관계자가 ABC에 밝혔다. ",1,"게다가 외부 유럽 출신의 많은 강력한 사람들이이 당사자들에게 거대한 보조금을 제공하고 우리는이를 피할 필요가있다 ""고 유럽 의회 소식통은 ABC에 말했다.",2,"또한 유럽 이외의 많은 강력한 사람들이 이 당사자들에게 막대한 보조금을 지급함으로써 자금을 조달하고 있으며 우리는 그것을 피해야 합니다. ""라고 ABC 방송의 유럽 의회 소식통은 말합니다.",2
189,"Según la Declaración 11 del Tratado de Niza de 2001, la financiación de la UE para los partidos políticos europeos no puede utilizarse para financiar, ni directa ni indirectamente, campañas nacionales. ",ABC,,2001년 니스조약 11조에 의하면 EU이 유럽 정당에 조달하는 자금은 간접적이든 직접적이든 국가 선거운동 자금으로 쓰일 수 없다.   ,1,"2001 년 좋은 조약 (Nice Treaty of 2001)의 선언에 따르면, 유럽 연합 정당에 대한 EU의 기금은 국가 캠페인에 직접 또는 간접적으로 자금을 제공하는 데 사용할 수 없습니다. ",3,2001년 니스 조약 선언 11에 따르면 유럽 정당에 대한 EU의 자금 조달은 직접 또는 간접적으로 국가 캠페인에 자금을 지원하는 데 사용될 수 없습니다.,2
190,"«Mientras que los subsidios europeos debían reforzar el sistema político de la UE y abordar el déficit democrático, los euroescépticos han utilizado principalmente sus recursos para apoyar a sus partidos nacionales», escribe Wouter Wolfs, investigador del Instituto de Gobernanza Pública de KU Leuven, para el Foro contra la corrupción y la integridad de la OCDE, donde resalta la evolución de las formaciones euroescépticas desde hace veinte años, pasando del total boicot a una participación muy intensa en las instituciones y elecciones europeas.",ABC,,"""유럽 보조금은 EU의 정치 제도를 강화하고 민주주의 적자 문제를 해결하는 데 사용되어야 하는데 유로회의론자들이 이를 주로 자신이 속한 자국의 정당을 위해 사용하고 있다.""라고 루뱅카톨릭대학교 공공거버넌스연구의 바우터 볼프스가 OECD 부패 청산 및 통합 포럼에서 밝혔다. 이 자리는 20년 전부터 유로회의론자들이 보이콧만 하다가 유럽의 기관과 선거에 적극 개입하며 수적으로 증가한 사안을 다뤘다. ",1,"쿠루 벤 (KU Leuven) 공공 거버넌스 연구소의 연구원 인 우스터 울프 스 (Wouter Wolfs)는 ""유럽의 보조금은 EU 정치 체제를 강화하고 민주적 인 적자를 다루어야하지만 Eurosceptics는 자국의 정부를 지원하기 위해 주로 자원을 사용했다"" OECD의 부패와 청렴성 반대 포럼 - 전체 보이콧에서부터 유럽 제도와 선거에 대한 매우 치열한 참여에 이르기까지 20 년 동안 유로 지성 형성의 진화를 강조합니다.",2,"유럽 보조금이 EU의 정치 체제를 강화하고 민주적 적자를 해결해야하는 반면, Eurosceptics는 주로 국가 정당을 지원하기 위해 자원을 사용했습니다. KU Leuven Public Governance Institute의 연구원인 Wouter Wolfs는 OECD 부패와 완전성에 반대하는 포럼에서 20년 동안 유로 회의적 형성의 진화를 강조한 유럽 선거와 매우 치열한 선거로 옮겼습니다.",2
191,"En 2016, Morten Messerschmidt, eurodiputado danés del ahora desaparecido Movimiento por una Europa de Libertades y Democracia (MELD) que utilizó fondos europeos para apoyar campañas nacionales, se vio obligado a devolver este dinero. ",ABC,,2016년 덴마크 출신의 현재는 없어진 자유민주유럽운동당(MELD)의 모튼 메세슈비츠 EU 국회의원은 당이 국가 선거 운동을 위해 쓴 EU 자금을 이 돈을 반환해야 한다고 주장했다.   ,2,"2016 년에, Morten Messerschmidt, 자유주의와 민주주의 (MELD)의 국가 운동을 지원하기 위하여 유럽 기금을 사용한 지금 무효 한 운동의 덴마크 MEP는,이 돈을 돌려 보내야했다.",2,2016년 현재 사라진 자유민주주의운동(MELD)의 덴마크 MEP인 모튼 메세르슈미트는 유럽 기금을 이용해 국가 캠페인을 지원해 이 돈을 돌려줘야 했다.,1
192,"«Con Marine Le Pen, los servicios del Parlamento han demostrado claramente que usaron fondos europeos para trabajar en asuntos nacionales. ",ABC,,"""마린 르 펜과 의회 기관들이 유럽 기금을 국가 사안을 해결하는 데 썼다고 명백히 보여줬다.  ",1,"""마린 르 펜 (Marine Le Pen)을 통해 의회의 서비스는 유럽의 자금을 사용하여 국가 문제를 해결한다는 것을 분명히 보여주었습니다. ",2,"마린 르펜과 함께, 의회의 서비스는 그들이 국가 문제에 대한 작업을 위해 유럽 기금을 사용했음을 분명히 보여주었습니다.",2
193,"En ese caso, la ley es que tienen que devolver este dinero», dice la italiana Mercedes Bresso, vicepresidenta del grupo del Partido Socialista Europeo en el Parlamento. ",ABC,,"이런 경우 이 돈을 반환해야 한다고 법으로 정해져 있다""라고 의회 내 유럽사회당 부의장인 이탈리아 출신의 메르체데스 브레소는 밝혔다. ",1,"이 경우 법안은이 돈을 갚아야한다는 것 ""이라고 의회의 유럽 사회당 당원 인 이탈리아 메르세데스 브레소 (Mercedes Bresso) 부회장은 말했다. ",3,"이 경우,이 돈을 돌려 주어야 한다는 것이 법입니다. ""라고 유럽 사회당 그룹의 부회장인 이탈리아 메르세데스 브레소는 의회에서 말합니다.",2
194,"Junto con el alemán Rainer Wieland (Partido Popular Europeo), Bresso lideró una propuesta de resolución sobre la financiación de los partidos políticos y las fundaciones políticas a nivel europeo. ",ABC,,독일 출신의 라이나 빌란드(유럽인민당)와 함께 브레소는 정당과 정치 기관들의 자금 조달에 관한 유럽 차원의 결의안을 주도했다.  ,1,독일인 Rainer Wieland (유럽 인민당)와 함께 Bresso는 유럽 차원에서 정당 및 정치 재단 자금 조달에 대한 결의안을 주도했습니다. ,1,브레소는 독일 레이너 위랜드(유럽인민당)와 함께 유럽 차원에서 정당과 정치 재단의 자금 조달에 관한 결의안을 발표했다.,2
195,La oficina antifraude (OLAF) ya ha llevado casos como este a los tribunales.,ABC,,유럽부패방지총국(OLAF)는 이미 이와 비슷한 사안들을 법원에 넘겼다. ,1,부정 방지 사무소 (OLAF)는 이미 이런 경우를 법원에 제기했습니다. ,2,반 사기 사무소 (OLAF)는 이미이 사건을 법원에 제기했습니다.,3
196,"Además, el Comité Europeo de Control Presupuestario descubrió que el grupo Europa de las Naciones y la Libertad, donde se agrupan partidos de extrema derecha como el antiguo Frente Nacional francés, la Liga (Italia), el Partido de la Libertad de Austria (FPÖ, socio del Gobierno de Sebastian Kurz en Austria) y el Partido de la Libertad (PVV, Holanda), presuntamente gastó ilegalmente 427.000 euros de fondos de la UE en 2016. ",ABC,,"또한 유럽예산관리위원회는 극우파주의인 프랑스의 옛 인민전선과 라리가(이탈리아), 오스트리아 자유당(FPÖ, 오스트리아의 제바스티안 쿠르츠 정부가 속한 당), 자유당(PVV, 네덜란드)가 합쳐 결성된 국가자유유럽운동당이 42만7천 유로를 2016년 EU 자금에서 불법적으로 사용한 혐의를 발견했다.   ",2,"또한, 유럽 예산 관리위원회 (European Committee of Budgetary Control)는 극단적 인 권리 그룹이 구 프랑스 국가 전선 (French National Front), 리그 (Italy), 오스트리아 자유당 (FPÖ, 오스트리아 세바스티안 쿠르츠 정부의 파트너)와 자유 당 (네덜란드 PVV)은 2016 년 EU 자금 427,000 유로를 불법적으로 보냈다고합니다.",3,"또한 유럽 예산 통제위원회는 전 프랑스 국가 전선, 이탈리아 리그, 오스트리아 자유당 (FPÖ, 오스트리아 세바스찬 쿠르츠 정부 파트너) 및 자유 당 (PVV, 네덜란드)과 같은 극우파 정당이 모여있는 유럽 국가 및 자유 그룹이 2016 년에 427,000 유로의 EU 기금을 불법적으로 지출했다고 밝혔다.",1
197,"Lo emplearon en bebidas caras (champagne), cenas y regalos para empleados. ",ABC,,"이 돈을 직원들의 고급 주류(샴페인), 식사, 선물에 썼다. ",1,"그들은 고가의 음료 (샴페인), 저녁 식사 및 직원 선물로 사용했다.",2,"그들은 값 비싼 음료 (샴페인), 저녁 식사 및 직원 선물에 고용했습니다.",3
198,La Comisión de Control Presupuestario del Parlamento Europeo (CONT) recomendó recuperar el dinero a partir de un recorte proporcional en futuros fondos para el grupo Europa de las Naciones y la Libertad.,ABC,,EU 의회 예산관리위원회(CONT)는 앞으로 MELD에 할당된 자금에서 점진적으로 예산을 감축하여 돈을 매꿀 것을 권장했다. ,3,유럽 ,1,유럽 ,2
199,«No creo que el Parlamento Europeo esté ahora mejor preparado porque el sistema siempre ha funcionado. ,ABC,,"""유럽의회가 준비가 제대로 잘 안 됐다고 생각한다. 왜냐하면 시스템은 항상 잘 굴러갔기 때문이다. ",1,"""나는 시스템이 항상 일 때문에 유럽 의회는 지금 더 잘 준비라고 생각하지 않습니다. ",3,“유럽 의회가 지금 더 잘 준비되어 있다고 생각하지 않습니다.왜냐하면 그 제도가 항상 작동했기 때문입니다.,2
200,"Ha destapado fraudes y ahora ha habido un caso en el Tribunal en el que se ha pedido devolver el dinero», dijo Laurin Berresheim, quien prepara el trabajo de Arndt Khon (eurodiputado de los socialdemócratas alemanes) en el Comité de Control Presupuestario. ",ABC,,"부정행위를 은폐하더니 이제는 법원에 돈을 반환하라는 소송이 걸렸습니다.""라고 예산관리위원회에서 안 콘(독일 사회민주당 EU의원)의 작업을 도운 로렌 베레스하임은 밝혔다.   ",1,"그것은 사기를 밝혀 냈고 지금은 재판소에 돈을 돌려 줄 것을 요청한 사례가있다 ""라고 예산 통제위원회의 Arndt Khon (독일 사회 민주주의 자들의 MEP)의 작업을 준비하는 Laurin Berresheim은 말했다.",2,"그는 사기를 폭로했고, 현재 법정에서 돈을 돌려달라고 요청한 사례가 있다'고 아르트 콘(독일 사회민주당의 유럽 의회 의원)의 예산 통제 위원회에서 일을 준비한 로린 베레스하임은 말했다.",2
201,Este organismo supervisa cómo se gasta el dinero europeo: ,ABC,,이 기관은 유럽의 돈이 어떻게 쓰이는지를 감시한다. ,1,이기구는 유럽의 돈이 어떻게 소비되는지를 감시합니다.,2,이 기관은 유럽 돈이 어떻게 지출되는지 감독합니다.,2
202,"no solo cómo lo emplean miembros de las instituciones, sino también en lo que se refiere a proyectos europeos. ",ABC,,이는 기관 구성원들이 어떻게 돈을 쓰는지 뿐만 아니라 유럽 프로젝트도 포함한다. ,1,기관의 구성원들에 의해 사용되는 방법뿐만 아니라 유럽 프로젝트들에 대해서도 사용됩니다.,3,기관 구성원이 어떻게 사용하는지뿐만 아니라 유럽 프로젝트에도 사용됩니다.,2
203,"Según Gabriel Richard-Molard, asistente de Bresso y que también trabajó en esta moción, «hace diez años no teníamos un registro de transparencia adecuado ni un reglamento eficaz, tampoco una dirección general de finanzas. ",ABC,,"브레소의 보조아자 이 움직임에 가담하고 있는 가브리엘 리차드몰라는 ""10년 전 우리는 합당한 투명성 조사도, 효율적인 법안도 없었고 전반적인 재무의 방향성도 없었다. ",3,"Bresso의 조수 인 Gabriel Richard-Molard와이 운동에 또한 참여한 사람은 ""10 년 전에 적절한 투명성이나 효과적인 규제 또는 일반적인 금융 방향에 대한 기록이 없었습니다.",1,"브레소의 조수인 가브리엘 리처드 몰라드에 따르면, 그는 또한 10년 전에 적절한 투명성 기록이나 효과적인 규정, 전반적인 재무 관리가 없었습니다.",2
204,"Tuvimos que adaptarnos, sí, definitivamente estamos mejor preparados que antes».",ABC,,"물론 적응해야 된다. 지금 우리는 옛날보다 훨씬 더 준비가 잘 되어 있다.""고 밝혔다.",3,"우리는 적응해야했습니다. 예, 우리는 이전보다 확실히 준비가 잘되어 있습니다.",2,"우리는 적응해야만 했다. 예, 우리는 이전보다 확실히 더 잘 준비되어 있습니다. """,1
205,"Para Berresheim, los eurodiputados tienen todas las mismas reglas sobre cómo gastar su dinero; ",ABC,,베레스하임은 유럽의원들이 모두 동일한 지출 규정을 따른다고 말한다.  ,1,Berresheim에게있어 MEP는 돈을 쓰는 법에 대해 모두 동일한 규칙을 가지고 있습니다. “,3,"Berresheim의 경우, MEP는 돈을 쓰는 방법에 대해 동일한 규칙을 가지고 있습니다.",2
206,«pero las reglas no deberían ser más estrictas para los representantes de determinado color político: ,ABC,,"""그러나 특정 유색정당 대표들에게는 더 엄격한 규정이 있어서는 안된다.  ",3,«그러나 어떤 정치적 색채의 대표자들에게는 규칙이 엄격 해져서는 안된다.,2,"그러나 규칙은 특정 정치적 색의 대표자들에게 더 엄격해서는 안됩니다.""",1
207,sigue siendo una democracia».,ABC,,"이것도 민주주의를 따른다.""",2,그것은 여전히 ,1,그것은 민주주의로 남아 있습니다. ,2
208,"El 13 de septiembre de 2017, la Comisión Europea adoptó una propuesta para enmendar las normas sobre el estatuto y la financiación de los partidos políticos europeos y las fundaciones políticas europeas y con la que se pretende revisar el actual reglamento de 2014, previo a las elecciones europeas de 2019, para atajar varias lagunas legales. ",ABC,,2017년 9월 13일 유럽위원회는 유럽 정당 및 유럽 정치 기관들의 기본법 및 자금 조달에 관한 표준법을 수정하는 제안을 채택했다. 그리고 이를 통해 2019년 유럽선거 이전에 2014년 현행법을 개정하여 법의 취약점을 보안하려 한다.  ,1,2017 년 9 월 13 일 유럽 집행위원회는 유럽 정당 및 유럽 정치 기금에 관한 법규 및 기금에 관한 규칙을 개정하고 선거 이전에 현행의 2014 년 규정을 개정하고자하는 제안을 채택했습니다 여러 법적 허점을 다루기 위해 2019 년 유럽인.,3,"2017년 9월 13 일, 유럽 집행위원회는 유럽 정당 및 유럽 정치 재단의 지위 및 자금 조달에 관한 규칙을 개정하고 2019년 유럽 선거에 이르기까지 현재의 2014년 규정을 개정하여 여러 법적 격차를 해소할 것을 제안했습니다.",2
209,"«Las enmiendas propuestas se centran en proporcionar más transparencia, mejorar la legitimidad democrática y fortalecer la aplicación de la ley», según el informe sobre estatuto y el financiación de partidos políticos y las fundaciones europeas redactado por Wieland y Bresso. ",ABC,,"""제안된 개정안은 투명성 제고, 민주적 합법성 개선, 법안 실효성 마련을 기본 골자로 한다.""라고 빌란드와 브레소가 작성한 유럽 정당 및 정치 기관들의 기본법과 자금 조달에 관한 보고서에 나와 있다.  ",2,"""제안 된 개정안은 Wieland와 Bresso에 의해 작성된 정당과 유럽 재단의 법령과 기금에 관한 보고서에 따르면,보다 투명성을 제 공하고, 민주적 정당성을 향상시키고, 법률 적용을 강화하는 데 중점을 둡니다.",3,Wieland와 Bresso가 작성한 정당 및 유럽 재단의 지위 및 자금 조달에 관한 보고서에 따르면 '제안된 개정안은 투명성을 높이고 민주적 정당성을 향상 시키며 법 집행을 강화하는 데 중점을 둡니다.,1
210,"Esta moción, pendiente de la votación en el plenario, establece que particulares ya no pueden patrocinar el registro de un partido político europeo, solo partidos políticos. ",ABC,,아직 총회의 선거를 거쳐야 하는 이 계획안은 개인은 유럽 정당의 감사를 후원할 수 없고 오직 정당만이 할 수 있다고 정했다. ,1,총회에서 투표를 기다리는이 동의안은 개인이 더 이상 유럽 정당의 정당 등록을 후원 할 수 없다는 것을 확증합니다.,3,본회의에서 투표가 계류중인이 운동은 개인이 더 이상 유럽 정당의 등록을 후원할 수 없으며 정당만 후원할 수 있다고 명시합니다.,2
211,"«La financiación ahora se vinculará con los resultados reales de las votaciones, haciendo que los partidos políticos europeos sean más europeos», dijo el relator Rainer Wieland en una sesión informativa.",ABC,,"""유럽 정당들의 더 큰 유럽화를 가능하게 하는 이 자금 조달은 현재 투표의 실질적 결과에 달려 있다.""라고 관계자인 라이나 빌란드는 한 집회에서 말했다. ",1,"브리핑에서 레이더 위 랜드 (Raidereur Rainer Wieland)는 ""현재 자금 조달은 실제 투표 결과와 연결되어 유럽의 정당을 더욱 유럽 적으로 만든다""고 말했다.",2,"Rainer Wieland는 브리핑에서 ""금융은 이제 투표의 실제 결과와 연결되어 유럽 정당을보다 유럽적으로 만들 것""이라고 말했다.",3
212,"En 2018, según el informe de Bresso y Wieland, se ha asignado un total de 32,44 millones de euros para subvenciones a los partidos políticos europeos dentro del presupuesto de la UE, y 19,32 millones de euros para subvenciones a fundaciones políticas europeas. ",ABC,,"브레소와 빌란드의 보고서에 따르면 2018년에 EU 예산 중 3천244만 유로가 유럽 정당들의 보조금으로, 1천932만 유로가 유럽 정치 기관들의 보조금으로 할당되었다.  ",1,"Bresso와 Wieland 보고서에 따르면 2018 년 EU 예산 내에서 유럽 정당 보조금으로 324.4 백만 유로, 유럽 정치 재단 보조금으로 1,932 만 유로가 할당되었습니다. .",3,"브레소와 위 랜드 보고서에 따르면 2018 년까지 EU 예산 내에서 유럽 정당에 대한 보조금은 총 3244만 유로, 유럽 정치 재단 보조금은 1932만 유로로 할당되었습니다.",2
213,"Un donante puede donar un máximo de 18.000 euros al año, sin embargo, los nombres de los donantes solo deben ser publicados para cualquier donación por encima de los 3.000 euros.",ABC,,기부는 개인당 연 최대 1만8천 유로까지 가능하지만 기부자의 이름 공개는 3천 유로까지만 가능하다. ,2,"기증자는 연간 최대 18,000 유로를 기부 할 수 있지만, 기부자의 이름은 3,000 유로 이상의 기부금으로 만 게시되어야합니다.",2,"기부자는 연간 최대 18,000 유로를 기부할 수 있지만 기부자의 이름은 3,000 유로 이상의 기부금에만 게시되어야 합니다.",1
214,"Como se hizo eco el portal especializado «EUObserver», dos partidos ultranacionalistas en el Parlamento Europeo ya no tendrán derecho a recibir fondos de la UE después de no cumplir con las condiciones mínimas. ",ABC,,"전문포털 'EU 옵저버'가 밝혔듯, 이미 유럽의회의 두 초국가주의 정당은 최소한의 조건을 만족시키지 않으면 EU의 자금을 받을 권한을 상실하게 될 것이다.  ",1,전문 포털«EU Observer»의 말처럼 유럽 의회에 소속 된 2 개의 초 민족 주의자들은 최소 조건을 충족시키지 못하면 더 이상 EU 기금을받을 자격이 없다.,2,전문 포털 'EUObserver'가 되풀이됨에 따라 유럽 의회의 두 초 민족주의 정당은 최소한의 조건을 충족시키지 못한 후 더 이상 EU 기금을받을 자격이 없습니다.,3
215,"La autoridad independiente que supervisa los partidos y fundaciones anunció a finales de septiembre que la Alianza de los Movimientos Nacionales Europeos (AEMN) y la Alianza para la Paz y la Libertad (APF), donde se encuentra el UKIP británico, uno de los partidos más denunciados por abusos de los fondos europeos, han sido eliminadas de su lista de registro. ",ABC,,유럽 정당 및 기관을 감시하는 독립기관인 이 기관은 유럽국가운동당과 영국의 UKIP가 속한 평화자유당의 연대가 조사 명단에서 제외되었음 9월 말 밝혔다. 이들은 유럽 자금 횡령 혐의를 받고 있는 주요 정당이다.  ,1,유럽 연합 운동 연합 (AEMN)과 UKIP가 소재한 평화 자유 연맹 (APF)이 9 월 말에 발표 한 정당과 재단을 총괄하는 독립적 인 당국은 유럽의 자금 남용으로 비난 받아 등록 목록에서 삭제되었습니다.,2,정당과 재단을 감독하는 독립당국은 9월 말 유럽국가운동연합(AEMN)과 유럽자금 남용에 대해 가장 많이 비난받는 영국 UKIP가 있는 평화자유연합(APF)이 등록 목록에서 삭제되었다고 발표했다.,3
216,"A este último, ya disuelto, se le impuso la devolución 1,1 millones de euros al Parlamento Europeo por uso indebido de dinero europeo.",ABC,,후자는 이미 해체되었지만 유럽의 자금을 부당하게 사용하여 유럽의회에 110만 유로를 반환할 의무를 졌다. ,2,이미 해체 된 후자는 유럽의 돈을 오용하여 유럽 의회에 110 만 유로를 상환했다.,1,후자는 이미 해산되었으며 유럽 돈의 오용으로 유럽 의회에 110만 유로를 반환했습니다.,2
217,"El Parlamento Europeo está discutiendo el nuevo marco financiero plurianual para los años 2021-2027, donde está sobre la mesa la opción de otorgar más capacidad económica a la Autoridad para controlar el uso de los Fondos de la UE. ",ABC,,유럽의회는 2021-2017년을 위한 새 재정 틀을 계획하고 있다. 이는 유럽당국에 경제적 힘을 더 싣어 EU의 자금 지출을 통제하는 방안을 주요 골자로 한다.   ,1,유럽 의회는 2021 년에서 2027 년까지의 새로운 다년간 금융 체제에 대해 논의 중이며 EU 당국이 EU 자금 사용을 통제 할 수있는 경제적 능력을 더 많이 부여 할 수있는 방안이 논의되고있다.,2,"유럽 의회는 2021-2027 년의 새로운 다년간의 금융 체계에 대해 논의하고 있으며, EU 기금의 사용을 통제하기 위해 당국에 더 많은 경제적 능력을 부여할 수 있는 옵션이 테이블에 있습니다.",2
218,"«En este momento tenemos tres actores diferentes que verifican el uso de los Fondos de la UE: Dirección General de Finanzas (DGFIN), el Comité Independiente de Personas Eminente y también la Autoridad para los Partidos Políticos Europeos y las fundaciones políticas europeas (EUPPF) (...) ",ABC,,"""현재 EU 자금 운용을 확인할 수 있는 기관은 세 곳이다. 바로 재정총괄이사회(DGFIN), 저명인독립위원회, 유럽정당 및 정치 기관 당국(EUFPPF)이다. (...)  ",1,"""현재 EU 재무 기금 (DGFIN), 저명한 인물위원회 (Independent Committee of Eminent Persons), 그리고 유럽 정당 및 유럽 정치 재단 (EUPPF) 당국의 EU 기금 사용을 검증하는 3 가지 행위자가있다. (...)",1,"현재 우리는 EU 기금의 사용을 확인하는 세 가지 배우를 보유하고 있습니다 : 재무 총국 (DGFIN), 저명한 인물 독립위원회, 유럽 정당 및 유럽 정치 재단 당국 (EUPPF) (...)",3
219,"Pero aparte de la cuestión de tener una regulación adecuada para evaluar el uso indebido de los fondos europeos para actividades políticas, el punto principal es poder analizar de manera eficiente la forma en que utilizan los Fondos de la UE. ",ABC,,"유럽 기금이 정치활동에 불법적으로 사용되는 것을 판단하기 위해 적절한 규제안을 마련하는 것을 떠나서, 핵심은 EU 자금이 어떻게 사용되고 있는지 효과적으로 분석하는 힘이다. ",2,그러나 정치 자금에 대한 유럽 자금의 오용을 평가할 적절한 규제가있는 문제는 별개로 EU 자금 사용 방법을 효율적으로 분석 할 수있는 것이 주요 포인트입니다.,1,그러나 정치 활동을 위한 유럽 기금의 오용을 평가하기 위한 적절한 규제의 문제 외에도 주요 요점은 EU 기금이 사용하는 방식을 효율적으로 분석할 수 있다는 것입니다.,2
220,"Tenemos muy pocos recursos humanos aquí», concluye Bresso.",ABC,,"이를 위한 인적 자원이 너무 부족하다""라고 브레소는 말한다.",1,"우리는 여기에 인적 자원이 거의 없다 ""고 Bresso는 결론 지었다.",2,우리는 여기에 인적 자원이 거의 없다.'라고 브레소는 결론을 내린다.,2
221,[HEADLINE] Prevén alta tasa de participación en las elecciones estadounidenses,KBS World,,미 대선 참여율 높을 것으로 전망되다.,1,미국 선거의 높은 참여율 방지,3,미국 선거에 대한 높은 투표율을 예견하라,2
222,Estados Unidos celebra el martes 6 elecciones de mitad de periodo.,KBS World,,6일 화요일 미국에서 6개의 중간선거가 실시된다.,3,미국은 화요일 6 차례 중간 선거를 실시한다.,2,미국은 화요일 6개의 중간 선거를 실시한다.,1
223,"El estado de Vermont fue el primero en abrir las puertas de sus colegios electorales, a las 5 de la madrugada, hora local. ",KBS World,,버몬트 주가 현지 시각 새벽 5시에 처음으로 투표소 문을 연 선거구였다.  ,1,버몬트 주 (州)는 현지 시간으로 오전 5시에 처음으로 투표소 문을 열었습니다. ,1,버몬트주는 현지 시간으로 새벽 5시에 투표소 문을 처음으로 열었습니다.,2
224,"Las votaciones comienzan de este a oeste de forma consecutiva por los distintos husos horarios, y los comicios finalizarán al cerrar las urnas en Hawái a las 11 de la noche. ",KBS World,,선거는 동부에서 서부로 시차에 따라 순차적으로 진행되고 선거는 저녁 11시 하와이의 투표소가 닫히면 끝난다.  ,1,서로 다른 시간대를 거쳐 동서로 투표가 연속적으로 시작되며 하와이 여론 조사가 밤 11시에 끝나면 선거가 끝납니다.,2,"투표는 다양한 시간대에 의해 동서로 연속적으로 시작되며, 선거는 밤 11시에 하와이에서 투표가 끝날 때 끝납니다.",3
225,"Estos comicios renovarán los 435 escaños de la Cámara de Representantes, 35 de los 100 escaños del Senado y 36 de los 50 gobernadores. ",KBS World,,"이번 선거에서 435석의 하원과 100석 중 35석의 상원, 50석 중 36석의 주지사를 선출하게 된다. ",1,"이 선거는 하원 의원 435 석, 상원 100 석 중 35 석, 상원 50 석 중 36 석을 갱신한다.",2,"이 선거는 하원의 435 석, 상원의 100 석 중 35 석, 50 명의 주지사 중 36 석을 갱신할 것입니다.",2
226,"Se prevé una tasa de votación extraordinariamente elevada, pues para el pueblo estadounidense es la ocasión de evaluar los primeros dos años de Donald Trump como presidente. ",KBS World,,투표율이 이례적으로 높을 전망으로 이번 선거가 미국 국민들에게는 도널드 트럼프 대통령의 임기 첫 2년을 평가하는 자리이다.  ,1,미국 국민의 경우 도널드 트럼프 (Donald Trump)의 첫 2 년을 대통령으로 평가할 기회이기 때문에 매우 높은 투표율이 예상됩니다.,2,미국 국민이 도널드 트럼프의 첫 2 년을 대통령으로 평가할 수 있는 기회이기 때문에 매우 높은 투표율이 예상됩니다.,1
227,"Si bien la competencia es reñida, los expertos prevén que el Partido Demócrata renovará la mayoría en la cámara baja por primera vez en ocho años -suponiendo un gran obstáculo para Trump, que busca la relección en 2020-, mientras que estiman que el Senado mantendrá el predominio republicano. ",KBS World,,물론 경쟁이 심하지만 전문가들은 민주당이 8년만에 처음으로 하원을 장악할 것으로 (이는 2020년 재선을 꿈꾸는 트럼프 대통령에게 큰 장애물이 될 것이다) 보고 있는 한편 상원은 공화당이 여전히 우세할 전망이다. ,1,경쟁이 치열한 상황에서 전문가들은 8 년 만에 처음으로 민주당이 하원에서 다수를 갱신 할 것으로 예상한다. 트럼프는 2020 년 재선을 모색하는데 큰 걸림돌이된다. 공화당 우세,3,경쟁이 치열해지는 동안 전문가들은 민주당이 2020년 재선을 모색하는 트럼프에게 큰 장애물이 될 것이라고 가정하면서 민주당이 8년 만에 하원 다수를 갱신할 것으로 예상하고 상원은 공화당의 우위를 유지할 것으로 예상했다.,2
228,[HEADLINE] Investigan al gobernador de Jeju por presunta violación de la ley electoral,KBS World,,제주도 도지사 선거법 위반 혐의로 조사 받다.,1,선거법 위반 혐의로 제주 총독을 조사한다.,3,선거법 위반 혐의로 제주도지사에 대한 조사,2
229,"El gobernador de Jeju, Won Hee Ryong, fue interrogado por la Policía sospechoso de haber violado la Ley de elecciones a cargos públicos. ",KBS World,,원희룡 제주도 도지사는 공직선거법 위반 혐의로 경찰 조사를 받았다. ,1,제주도 원희룡 총재는 공직 선거법을 위반 한 것으로 의심되는 경찰이 의문을 제기했다.,3,원희룡 제주도지사는 공직선거법 위반 혐의로 경찰에 의해 심문을 받았다.,2
230,"En concreto, la acusación contra el político se centra en no respetar el periodo oficial de campaña al presentar sus promesas electorales y visiones antes de que el mismo empezara, y por divulgar falsa información al comentar sin pruebas objetivas que en la afluencia masiva de capital chino en el desarrollo urbano de Jeju estuvieron implicados, tanto el político que fue su rival en las elecciones, como un ex gobernador de Jeju. ",KBS World,,공식 선거운동 기간이 시작하기도 전에 선거 공약과 비전을 제시하여 기간을 지키지 않은 점과 객관적 증거도 없이 제주도 개발에 중국 자본이 대거 유입된 데에 자신의 선거 경쟁자였던 정치인과 제주도 전 도지사가 개입되었다고 거짓된 정보를 퍼트린 것이 그의 주요 혐의이다.  ,1,"특히 정치인에 대한 비난은 공식 선거 운동 기간을 존중하지 않는 데 초점을두고있다. 선거 전의 약속과 비전을 시작하기 전에 제시하고, 중국 자본의 대규모 유입 선거에서 경쟁자였던 정치인이자 전 총재직이었던 제주도의 도시 개발에 참여했다.",3,"특히 정치권에 대한 탄핵은 선거 공약과 비전을 제시하고, 제주도시개발에 중국 자본이 대량 유입된 데는 제주도시와 경쟁한 정치인, 제주도지사 등과 관련된 객관적인 증거 없이 거짓 정보를 공개함으로써 선거운동 기간을 존중하지 않는 데 초점을 맞추고 있다.",2
231,El interrogatorio duró nueve horas y Won regresó a casa a las 3:00 de la madrugada del sábado 29. ,KBS World,,심문은 9시간 동안 진행되어고 원희룡 지사는 20일 토요일 새벽 3시에 귀가했다. ,2,"심문은 9 시간 동안 지속되었고, 원 총리는 토요일 29시에 아침 3시에 귀국했다.",3,심문은 9 시간 동안 지속되었고 원씨는 토요일 아침 3시에 집으로 돌아왔다.,1
232,[HEADLINE] El presidente Moon Jae In sigue perdiendo apoyo,KBS World,,문재인 대통령 지지율이 계속 하락세이다.,1,"문재인 회장, 계속지지를 잃다.",3,문재인 대통령은 계속해서 지지를 잃고 있다,2
233,"La tasa de apoyo al presidente Moon Jae In y a su partido, The Minjoo, cayó al nivel más bajo desde mayo de 2017, mes en que se celebraron elecciones presidenciales prematuras tras la destitución de la ex presidenta Park Geun Hye. ",KBS World,,destitución문재인 대통령과 여당인 민주당의 지지율이 박근혜 전 대통령의 파면으로 조기 대선을 치른 2017년 5월 이래 최저치로 곤두박칠 쳤다.  ,3,"대통령 문재인 일행의 Minjoo에 대한 지원의 비율 월 2017 년 이후 가장 낮은 수준으로 떨어졌습니다, 전 대통령 박근혜의 축출 이후 한 달 조기 대통령 선거가 일어났다.",2,문재인 대통령과 민주당 지지율은 박근혜 전 대통령의 탄핵 이후 조기 대선이 있었던 2017년 5월 이후 가장 낮은 수준으로 떨어졌다.,1
234,Este es el resultado que arrojó la encuesta realizada por la agencia de estudios de opinión pública Realmeter a 1.005 surcoreanos mayores de edad entre el 13 y el 14 de agosto. ,KBS World,,이는 공식 여론조사기관인 리얼미터가 1005명의 한국 성인을 대상으로 8월 13일-14일간 실시한 여론조사 결과이다.   ,1,"이는 여론 조사 기관인 Realmeter가 8 월 13 일에서 14 일 사이에 거주하는 1,005 명의 한국인을 대상으로 실시한 설문 조사의 결과입니다.",2,여론조사기관인 리얼미터가 1314일 1005명의 고령자 한국인에게 실시한 조사 결과다.,3
235,"En ella el mandatario registró un apoyo popular del 55,6%.",KBS World,,조사에서 대통령 지지율은 55.6%를 기록했다.,1,그것에서 대통령은 55.6 %의 대중적인 지원을 등록했다.,2,그 명령서는 55.6퍼센트의 대중적 지지를 얻었다.,3
236,El porcentaje es el más bajo en lo que va de su administración. ,KBS World,,이는 문재인 정부의 임기 기간 중 가장 낮은 수치이다. ,1,그 비율은 행정부에서 지금까지 최저치이다.,2,그 비율은 행정부에서 가장 낮다.,2
237,"El descenso se debe, según Realmeter, a la reforma del sistema de pensión nacional y a la confianza de la población en el actual Gobierno, que decrece tras ser declarado inocente el ex gobernador de Chungcheong del Sur, Ahn Hee Jung, en su juicio por abuso sexual. ",KBS World,,"리얼미터에 의하면, 지지도 하락의 원인으로 연금제도 개혁 실패와 안희정 전 충청남도 도지사의 성추문이 무죄로 밝혀지면서 떨어진 현 정부에 대한 신임을 꼽는다.  ",2,"Realmeter에 따르면, Realmeter에 따르면, 국민 연금 제도의 개혁과 현 정부의 국민에 대한 신뢰 (무죄로 선언 된 후 감소 함), 남 충의 전 총리 안희정 (An Hee Jung)은 학대에 대한 재판에서 성적인",2,이 감소는 충남 안희정 전 주지사가 성적 학대로 유죄 판결을받은 후 감소하는 현 정부에 대한 국민 연금 제도 개혁과 국민의 신뢰 때문이었습니다.,3
238,"Asimismo el partido en el poder, The Minjoo, perdió apoyo al contar con un 37% de respaldo ciudadano, unos tres puntos porcentuales menos que hace una semana. ",KBS World,,또한 여당인 민주당의 지지도는 지난주보다 3% 포인트 하락한 37%를 기록했다.  ,1,또한 권력자 인 민주 (Minjoo)는 일주일 전보다 약 3 % 포인트 낮은 37 % 시민 지원으로지지를 잃었다.,3,민주당도 1주일 전보다 3%포인트 낮은 37%의 지지를 잃었다.,2
239,"El sondeo presenta un margen de error de 3,1 puntos porcentuales y un nivel de confianza del 95%. ",KBS World,,"이번 조사는 오차범위 3.1% 포인트, 신뢰도 95%이다.  ",2,설문 조사의 오차 범위는 3.1 % 포인트이고 신뢰 수준은 95 %입니다.,1,투표는 3.1 % 포인트의 오차 마진과 95 %의 신뢰 수준을 특징으로합니다.,3
240,[HEADLINE] Las regionales de 2018 registran la 2ª mayor participación de la historia,KBS World,,2018 지방선거 투표율이 2번째로 역대 최고를 기록하다.,1,2018 지역 주민이 역사상 2 번째로 큰 참여를 기록합니다.,2,2018년 지역들은 역사상 2번째로 큰 비중을 차지하고 있다,3
241,"Las elecciones regionales del 13 de junio registraron una participación del 60,2%, según datos provisionales de la Comisión Nacional Electoral. ",KBS World,,"국가선거관리위원회의 사전 집계 자료에 의하면, 지난 6월 13일에 열린 지방선거의 투표율이 60.2%를 기록했다.  ",1,6 월 13 일의 지방 선거는 전국 선거위원회 임시 자료에 따르면 60.2 %의 참여율을 기록했다. ,2,6월 13일 지방 선거는 전국 선거 관리위원회의 잠정 자료에 따르면 60.2 %의 점유율을 기록했다.,2
242,"Eso significa que de los 42.900.000 ciudadanos con derecho de sufragio, 25.840.000 votaron.",KBS World,,"이는 4,290만 명의 유권자 중 2,584만 명이 투표했다는 의미이다. ",1,"투표권이있는 42,900,000 명의 시민 중 25,840,000 명이 투표했습니다. ",2,"이는 42,900,000 명의 투표권 시민 중 25,84만 명이 투표했다는 것을 의미합니다.",3
243,"Dicha tasa es además la segunda más elevada de la historia después del 68,4% de los primeros comicios regionales celebrados en 1995. ",KBS World,,또한 이 수치는 첫 지방선거가 열린 1995년의 역대 최고치인 68.4% 다음으로 가장 높다.  ,1,이 비율은 또한 1995 년에 열린 첫 번째 지방 선거의 68.4 % 이후 역사상 두 번째로 높습니다.,2,이 비율은 1995년 첫 번째 지역 선거의 68.4 %에 이어 역사상 두 번째로 높습니다.,2
244,"Este resultado contradice los pronósticos planteados antes de las elecciones, que vaticinaban una participación relativamente baja al desviarse la atención por la cumbre entre Corea del Norte y Estados Unidos, así como la ya anticipada supremacía del oficialismo sobre la oposición. ",KBS World,,이는 북한과 미국의 정상회담이나 여당 세력이 야당에 절대적 우위를 점하고 있어 관심이 떨어질 것으로 예상한 사전 선거 예측 자료와 정반대의 결과이다.  ,1,"이 결과는 선거 이전의 예측과 반대되는 것으로, 북한과 미국 간의 정상 회담과 반대파에 대한 여당의 예상이 이미 우세한 상황에서 상대적으로 낮은 참가율을 예상했다.",2,이 결과는 북한과 미국의 정상회담에 대한 관심의 빗나가는 상대적으로 낮은 투표율과 야당에 대한 공식주의의 이미 예상된 패권주의에 대한 선거 전의 예측과 모순된다.,3
245,"No obstante, se analiza que el interés de la población en la política, que empezó a aumentar a partir de las protestas contra el gobierno de la ex presidenta Park Geun Hye, su destitución, y las elecciones presidenciales prematuras organizadas en mayo de 2017; ",KBS World,,그러나 박근혜 전 정부에 반대 시위를 시작으로 박근혜 대통령 파면과 2017년 5월 조기 대선을 치르면서 정치에 대한 대중의 관심이 높아졌다고 분석한다. ,1,그러나 2017 년 5 월 조직 된 박근혜 (朴 槿 惠) 전 (前) 대통령 정부의 해임과 해임과 대통령 선거에 대한 항의 시위에서부터 시작된 정치인들의 관심이 증가한 것으로 분석된다. ,2,그러나 박근혜 전 대통령의 탄핵 반대 시위와 2017년 5월 조직된 조기 대통령 선거로 인해 정치에 대한 대중의 관심이 높아졌다는 분석이 있다.,3
246,"se tradujo en altas tasas de participación electoral para las regionales, superando incluso el 20% en la votación anticipada. ",KBS World,,이에 따라 국민들의 지방선거 투표율이 예상보다 20% 상승하게 되었다.  ,3,지방 선거 투표율이 높았고 조기 투표에서 20 %를 능가했다.,1,지역 투표율의 높은 투표율로 번역되어 조기 투표에서 20 %를 초과했습니다.,2
247,"En tanto, en las legislativas parciales, que por primera vez en la historia tuvieron lugar simultáneamente a las regionales, la participación marcó el 60,7%, rebasando en gran medida el 53,9% de las últimas celebradas el 12 de abril del año pasado. ",KBS World,,그리하여 사상 최초로 모든 지방에서 동시에 진행된 이번 부분 입법 선거 투표율이 60.7%를 기록하며 작년 4월 12일 선거의 53.9%를 훌쩍 뛰어넘었다.  ,1,"한편, 역사상 처음으로 지역과 동시에 일어난 부분 입법부에서는 참여율이 60.7 %로 4 월 12 일의 53.9 %를 크게 웃돌았다 과거의",3,한편 지역별로 처음으로 실시된 부분 입법에서는 지난해 4월 12일의 53.9%를 크게 초과하는 60.7%를 차지했다.,2
248,[HEADLINE] Comienza el recuento electoral,KBS World,,재검표 시작되다.,1,선거 재개가 시작됩니다.,3,선거인단을 시작하라,2
249,"El recuento de votos para las séptimas elecciones regionales comenzó a las 18:30 h del miércoles 13, tras cerrar los centros electorales a las 18:00 h. ",KBS World,, 7대 지방선거 재검표가 13일 수요일 18:30분에 시작되었다. 투표소가 문을  문을 닫은 18시 이후다.  ,1,제 7 회 지방 선거의 투표 수는 오후 6시에 투표소 폐쇄 후 수요일 13시 6시 30 분에 시작되었습니다.,2,"7 번째 지방 선거의 투표 수는 수요일 오후 18시 30 분에 시작되었으며, 오후 6시에 선거 센터를 폐쇄했습니다.",3
250,"Según la Comisión Nacional Electoral, 78 mil contadores de votos, 12 mil observadores, 105 mil administradores y 2.500 máquinas para el recuento automatizado de papeletas han sido movilizados para el escrutinio a nivel nacional. ",KBS World,,"국가선거관리위원회에 따르면 국가적인 재검표를 위해 검표인 7만8천 명, 감독관 1만2천 명, 관리인 십만5천 명, 전자 재검표기 2,500대가 동원되었다.  ",1,"전국 선거위원회 (National 선거위원회)에 따르면 78000 명의 투표자, 12000 명의 옵서버, 105000 명의 관리자 및 2,500 대의 자동 투표기가 전국 조사를 위해 동원되었습니다.",2,"국가선거관리위원회에 따르면 투표용지 수를 자동화하기 위해 78,000명, 12,000명, 105,000명, 2,500명 등 투표용지 수를 자동 집계하는 기계가 동원됐다.",2
251,"Las urnas para la votación anticipada, tanto en persona como por correo, ya fueron trasladadas a los centros de escrutinio escoltadas por los observadores, integrantes del comité electoral y agentes de la policía tras cerrar la votación, mientras que las urnas de hoy también fueron llevadas para el recuento bajo supervisión, tras ser selladas. ",KBS World,,"예정된 선거의 투표용지는 우편이든 직접 투표된 것이든 감시원과 선관위 관계자, 경찰의 보호하에 선거가 종료되고 개표 기관에 전달되었고 오늘 한 투표용지도 도장이 찍힌 뒤 재검표를 위해 감시에 들어갔다.  ",1,"개인 투표와 우편 투표로 투표소를 닫은 후에 옵서버, 선거 위원 및 경찰관이 호송 한 계산 센터로 이미이 투표 용지를 옮겨 놓은 투표 용지가 이미 옮겨졌습니다. 봉인 된 후 감독하에 카운팅하기 위해.",2,투표가 끝난 후 선거 관리위원회 위원과 경찰관이 직접 및 우편으로 조기 투표 용지를 호송한 조사 센터로 이전했으며 오늘의 투표함은 봉인된 후 감독하에 재검 표로 옮겨졌습니다.,2
252,"Asimismo, un representante del comité electoral afirmó que para elevar la transparencia, los contadores verifican la cantidad de papeletas contabilizadas por las máquinas, y todo el proceso de escrutinio es supervisado por observadores seleccionados entre ciudadanos comunes con derecho a voto. ",KBS World,,게다가 선관위의 한 관계자는 투명성 제고를 위해 검표자들은 기계가 센 투표용지의 수를 확인하고 모든 개표 절차는 투표권을 가진 일반 시민들이 선출한 감시원들의 감시를 받는다고 밝혔다.  ,1,또한 선거위원회 대표는 투명성을 높이기 위해 회계사들이 기계로 계산 한 투표 수를 확인하고 투표권을 가진 일반 시민들 중에서 선출 된 옵서버가 전체 조사 과정을 감독한다고 밝혔다.,2,또한 선거 관리위원회의 대표는 투명성을 높이기 위해 회계사가 기계가 계산한 투표 용지 수를 확인하고 전체 조사 과정은 일반 시민의 투표권을 가진 관찰자가 감독한다고 밝혔다.,2
253,"Se estima que, en algunas circunscripciones, se podrá saber quien ocupará los cargos a partir de las 22:30 h. ",KBS World,,일부 선거구 당선인은 22:30분부터 확인할 수 있을 것이다.  ,1,일부 지구에서는 오후 10시 30 분에 시작하는 직책을 누가 차지할 지 알 수 있습니다.,2,일부 선거구에서는 22:30 pm부터 사무실을 채울 사람이 알려질 것으로 추정됩니다.,3